feature_1,feature_2,pearson_r,absolute_r
stake_30d,winnings_30d,0.9995466430377039,0.9995466430377039
stake_14d,winnings_14d,0.9994977523178585,0.9994977523178585
stake_7d,winnings_7d,0.9991009738261284,0.9991009738261284
bets_14d,bets_recent15,0.9945265312413886,0.9945265312413886
stake_14d,stake_recent15,0.9934241157758695,0.9934241157758695
active_days_14d,active_days_recent15,0.9931780035221277,0.9931780035221277
winnings_14d,stake_recent15,0.992627434249987,0.992627434249987
max_daily_stake_30d,std_daily_stake_30d,0.9902380395503958,0.9902380395503958
bets_7d_share,stake_7d_share,0.9629568074635674,0.9629568074635674
active_days_7d_share,bets_7d_share,0.9541576332459911,0.9541576332459911
active_days_7d_share,stake_7d_share,0.9369764999325996,0.9369764999325996
stake_30d,std_daily_stake_30d,0.9082564665450331,0.9082564665450331
winnings_30d,std_daily_stake_30d,0.9074700254350667,0.9074700254350667
bets_14d,bets_7d,0.8844367595653475,0.8844367595653475
days_since_registration,days_since_first_pay,0.8843692674678584,0.8843692674678584
avg_stake_per_active_day_30d,std_daily_stake_30d,0.8821471869195576,0.8821471869195576
avg_stake_per_active_day_30d,max_daily_stake_30d,0.8800618531809007,0.8800618531809007
avg_bets_per_active_day_30d,avg_bets_per_active_day_7d,0.8729634028752824,0.8729634028752824
bets_7d,bets_recent15,0.8721973424143246,0.8721973424143246
stake_7d,winnings_14d,0.8568562253199735,0.8568562253199735
active_days_14d,active_days_7d,0.856103304156591,0.856103304156591
stake_30d,max_daily_stake_30d,0.8558238280612745,0.8558238280612745
stake_14d,stake_7d,0.8556040324501062,0.8556040324501062
winnings_30d,max_daily_stake_30d,0.8551960659635438,0.8551960659635438
winnings_14d,winnings_7d,0.8546734502299954,0.8546734502299954
stake_14d,winnings_7d,0.8523964143792239,0.8523964143792239
active_days_30d,active_days_early15,0.8484141319727063,0.8484141319727063
bets_30d,bets_early15,0.8435699998581426,0.8435699998581426
bets_30d,bets_recent15,0.8421843304796335,0.8421843304796335
active_days_7d,active_days_recent15,0.8387856260686505,0.8387856260686505
stake_7d,stake_recent15,0.8360863596677124,0.8360863596677124
winnings_7d,stake_recent15,0.8326770425525891,0.8326770425525891
active_days_30d,active_days_recent15,0.8319200562956535,0.8319200562956535
bets_30d,bets_14d,0.8319082377883649,0.8319082377883649
std_daily_stake_30d,stake_early15,0.817778404226389,0.817778404226389
bets_7d,avg_bets_per_active_day_7d,0.8171168408268101,0.8171168408268101
stake_30d,stake_early15,0.8166341762658861,0.8166341762658861
winnings_30d,stake_early15,0.8141222480534633,0.8141222480534633
active_days_30d,active_days_14d,0.8123101697950863,0.8123101697950863
winnings_30d,stake_recent15,0.8017601991606543,0.8017601991606543
stake_30d,stake_recent15,0.7998958502997892,0.7998958502997892
days_since_first_pay,days_since_first_casino_activity,0.7870898634204324,0.7870898634204324
max_daily_stake_30d,stake_early15,0.7869909482069408,0.7869909482069408
max_gap_between_active_days_30d,mean_gap_between_active_days_30d,0.7846287628168318,0.7846287628168318
stake_14d,winnings_30d,0.7837572143945849,0.7837572143945849
stake_30d,stake_14d,0.781967110006813,0.781967110006813
winnings_30d,winnings_14d,0.7810823915811304,0.7810823915811304
stake_30d,winnings_14d,0.7786922600646525,0.7786922600646525
stake_30d,avg_stake_per_active_day_30d,0.7461382571670503,0.7461382571670503
winnings_30d,avg_stake_per_active_day_30d,0.7445432966425534,0.7445432966425534
bets_14d,avg_bets_per_active_day_7d,0.7354862011957302,0.7354862011957302
avg_bets_per_active_day_7d,bets_recent15,0.7276915383469306,0.7276915383469306
bets_30d,avg_bets_per_active_day_30d,0.7188021216473475,0.7188021216473475
active_days_change_15d,active_days_change_pct_15d,0.710318166952974,0.710318166952974
avg_stake_per_active_day_30d,stake_early15,0.7085869251831344,0.7085869251831344
days_since_registration,days_since_first_casino_activity,0.6968824363862259,0.6968824363862259
bets_30d,bets_7d,0.6880766071912833,0.6880766071912833
bets_30d,avg_bets_per_active_day_7d,0.6488728858995698,0.6488728858995698
active_days_7d,days_since_last_active_bet,-0.6479898286246651,0.6479898286246651
std_daily_stake_30d,stake_recent15,0.6474164171011081,0.6474164171011081
active_days_30d,active_days_7d,0.6457805345642936,0.6457805345642936
stake_14d,std_daily_stake_30d,0.6398517076538389,0.6398517076538389
winnings_14d,std_daily_stake_30d,0.6359227281174724,0.6359227281174724
days_since_last_active_bet,active_days_7d_share,-0.6336903393644367,0.6336903393644367
active_days_14d,days_since_last_active_bet,-0.6306392991697041,0.6306392991697041
days_since_last_active_bet,active_days_recent15,-0.6234110603018987,0.6234110603018987
stake_7d,winnings_30d,0.6104407282340178,0.6104407282340178
stake_early15,stake_change_15d,-0.6101557124713008,0.6101557124713008
stake_30d,stake_7d,0.6094713159556979,0.6094713159556979
winnings_30d,winnings_7d,0.6060080845122374,0.6060080845122374
avg_bets_per_active_day_30d,bets_early15,0.6059172754443625,0.6059172754443625
avg_bets_per_active_day_30d,bets_recent15,0.605808302771128,0.605808302771128
stake_30d,winnings_7d,0.6043946749452559,0.6043946749452559
bets_14d,avg_bets_per_active_day_30d,0.6004624701376636,0.6004624701376636
active_days_14d,active_days_change_pct_15d,0.5983554469265484,0.5983554469265484
active_days_7d_share,active_days_change_pct_15d,0.5968232180114158,0.5968232180114158
active_days_recent15,active_days_change_pct_15d,0.5948424427408906,0.5948424427408906
days_since_last_active_bet,bets_7d_share,-0.5945058486958451,0.5945058486958451
max_daily_stake_30d,stake_recent15,0.5929658528469697,0.5929658528469697
days_since_last_active_bet,stake_7d_share,-0.5921138076940596,0.5921138076940596
stake_14d,max_daily_stake_30d,0.5882383331526564,0.5882383331526564
median_daily_stake_30d,stake_recent15,0.5845310331885365,0.5845310331885365
winnings_14d,max_daily_stake_30d,0.5844578403859817,0.5844578403859817
winnings_14d,stake_change_15d,0.5836674314299269,0.5836674314299269
stake_14d,stake_change_15d,0.5804983104115143,0.5804983104115143
active_days_early15,active_days_change_15d,-0.5724973802589042,0.5724973802589042
winnings_30d,median_daily_stake_30d,0.5680485806777185,0.5680485806777185
stake_recent15,stake_change_15d,0.5668349639140412,0.5668349639140412
stake_30d,median_daily_stake_30d,0.5647728372579481,0.5647728372579481
winnings_14d,median_daily_stake_30d,0.5609412678913902,0.5609412678913902
stake_14d,median_daily_stake_30d,0.5591531475238632,0.5591531475238632
winnings_7d,stake_change_15d,0.5566336024989437,0.5566336024989437
stake_7d,stake_change_15d,0.5553408244351291,0.5553408244351291
days_since_last_active_bet,active_days_change_pct_15d,-0.5533625942890676,0.5533625942890676
active_days_7d,active_days_change_pct_15d,0.5496087135331195,0.5496087135331195
bets_7d,avg_bets_per_active_day_30d,0.5439872647961553,0.5439872647961553
net_loss_30d,net_loss_7d,0.5428863508525565,0.5428863508525565
bets_14d,bets_change_15d,0.5413845795383344,0.5413845795383344
bets_early15,bets_change_15d,-0.5407649281977779,0.5407649281977779
bets_7d,bets_change_15d,0.5398051956339412,0.5398051956339412
bets_recent15,bets_change_15d,0.5354395449861679,0.5354395449861679
active_days_14d,active_days_change_15d,0.5292303129562607,0.5292303129562607
active_days_7d,active_days_7d_share,0.5286328211775618,0.5286328211775618
stake_7d,std_daily_stake_30d,0.5161167581559467,0.5161167581559467
winnings_7d,std_daily_stake_30d,0.5123710971207175,0.5123710971207175
active_days_recent15,active_days_change_15d,0.5111334736597398,0.5111334736597398
active_days_7d,active_days_change_15d,0.5093105874262744,0.5093105874262744
active_days_7d,stake_7d_share,0.5089499720108074,0.5089499720108074
active_days_7d,bets_7d_share,0.5043142304168855,0.5043142304168855
bets_7d_share,active_days_change_pct_15d,0.5041392963443663,0.5041392963443663
avg_stake_per_active_day_30d,stake_recent15,0.4936150920430732,0.4936150920430732
stake_7d_share,active_days_change_pct_15d,0.492257284814287,0.492257284814287
stake_14d,avg_stake_per_active_day_30d,0.48445769843893904,0.48445769843893904
winnings_14d,avg_stake_per_active_day_30d,0.48126288690861796,0.48126288690861796
active_days_7d_share,active_days_change_15d,0.4733882730350235,0.4733882730350235
stake_7d,max_daily_stake_30d,0.4691032172495438,0.4691032172495438
winnings_7d,max_daily_stake_30d,0.4660638556861792,0.4660638556861792
avg_bets_per_active_day_7d,bets_change_15d,0.46257465925530544,0.46257465925530544
days_since_last_active_bet,active_days_change_15d,-0.4542846407297892,0.4542846407297892
stake_7d_share,active_days_change_15d,0.4524420515966371,0.4524420515966371
bets_7d_share,active_days_change_15d,0.45025255850903184,0.45025255850903184
winnings_30d,avg_stake_per_bet_30d,0.449886708691401,0.449886708691401
stake_30d,avg_stake_per_bet_30d,0.44943028679226726,0.44943028679226726
bets_change_15d,active_days_change_15d,0.44302940946235114,0.44302940946235114
bets_early15,active_days_early15,0.44063073734312264,0.44063073734312264
active_days_30d,days_since_last_active_bet,-0.43105980037224767,0.43105980037224767
active_days_30d,bets_30d,0.4228912707392755,0.4228912707392755
stake_7d,avg_stake_per_active_day_30d,0.4227633349860798,0.4227633349860798
bets_recent15,bets_early15,0.42088618663443955,0.42088618663443955
winnings_7d,avg_stake_per_active_day_30d,0.4193341388026589,0.4193341388026589
stake_30d,net_loss_30d,0.4173175064547237,0.4173175064547237
active_days_14d,bets_recent15,0.41719996917385205,0.41719996917385205
bets_recent15,active_days_recent15,0.4164771077346886,0.4164771077346886
active_days_14d,bets_14d,0.41644920166266053,0.41644920166266053
active_days_recent15,active_days_early15,0.41208821206335894,0.41208821206335894
bets_14d,active_days_recent15,0.411440150303658,0.411440150303658
avg_stake_per_bet_30d,std_daily_stake_30d,0.4099008129301294,0.4099008129301294
bets_14d,bets_early15,0.4090494922127862,0.4090494922127862
net_loss_30d,stake_early15,0.40543889712911085,0.40543889712911085
active_days_7d,bets_7d,0.4030092507080643,0.4030092507080643
avg_stake_per_bet_30d,max_daily_stake_30d,0.39305322398626025,0.39305322398626025
net_loss_30d,std_daily_stake_30d,0.390340223555012,0.390340223555012
winnings_30d,net_loss_30d,0.38976709157549927,0.38976709157549927
bets_7d,stake_7d,0.38670998065963147,0.38670998065963147
active_days_14d,active_days_early15,0.38639630909308953,0.38639630909308953
days_since_last_active_bet,max_gap_between_active_days_30d,-0.38511425624176154,0.38511425624176154
bets_7d,winnings_7d,0.3826198426279507,0.3826198426279507
active_days_30d,bets_early15,0.3794853122771539,0.3794853122771539
avg_stake_per_bet_30d,avg_stake_per_active_day_30d,0.375679454261655,0.375679454261655
bets_14d,active_days_7d,0.3701507291825365,0.3701507291825365
active_days_7d,bets_recent15,0.36633569693046225,0.36633569693046225
avg_stake_per_bet_30d,stake_recent15,0.36539302057171624,0.36539302057171624
net_loss_30d,max_daily_stake_30d,0.36438721641896293,0.36438721641896293
avg_stake_per_bet_30d,stake_early15,0.36135031362313136,0.36135031362313136
bets_30d,active_days_recent15,0.3602675478299433,0.3602675478299433
avg_bets_per_active_day_7d,bets_early15,0.35689844427519185,0.35689844427519185
winnings_14d,avg_stake_per_bet_30d,0.3547939020908345,0.3547939020908345
stake_14d,avg_stake_per_bet_30d,0.35414226459384585,0.35414226459384585
bets_30d,active_days_14d,0.35378915218008194,0.35378915218008194
bets_change_15d,stake_change_15d,0.3536413769756753,0.3536413769756753
bets_30d,active_days_early15,0.3507206479878638,0.3507206479878638
stake_7d,median_daily_stake_30d,0.3500464308012986,0.3500464308012986
net_loss_30d,avg_stake_per_active_day_30d,0.3493074469208568,0.3493074469208568
winnings_7d,median_daily_stake_30d,0.3463460030209218,0.3463460030209218
active_days_14d,bets_7d,0.3449339853691229,0.3449339853691229
bets_7d,active_days_recent15,0.3355433706749971,0.3355433706749971
median_daily_stake_30d,stake_early15,0.3335259019106524,0.3335259019106524
active_days_30d,bets_recent15,0.333313541676888,0.333313541676888
bets_14d,stake_7d,0.33240346187530384,0.33240346187530384
bets_14d,stake_14d,0.3295152294079394,0.3295152294079394
bets_14d,winnings_7d,0.3286318341379081,0.3286318341379081
stake_14d,bets_recent15,0.3276577908451646,0.3276577908451646
stake_7d,bets_recent15,0.3273810284726343,0.3273810284726343
bets_recent15,stake_recent15,0.3268791250443529,0.3268791250443529
bets_14d,winnings_14d,0.3255579770232862,0.3255579770232862
active_days_30d,bets_14d,0.3246777796379305,0.3246777796379305
bets_14d,stake_recent15,0.32462779268525527,0.32462779268525527
active_days_30d,stake_30d,0.32443036055176877,0.32443036055176877
winnings_7d,bets_recent15,0.3235010560405368,0.3235010560405368
winnings_14d,bets_recent15,0.3234294345993458,0.3234294345993458
active_days_30d,winnings_30d,0.32162165881044424,0.32162165881044424
active_days_30d,mean_gap_between_active_days_30d,-0.31633188185719363,0.31633188185719363
stake_early15,active_days_early15,0.30998648494528297,0.30998648494528297
bets_7d,stake_14d,0.30838019324726723,0.30838019324726723
stake_recent15,active_days_recent15,0.30822834100899826,0.30822834100899826
stake_recent15,stake_early15,0.3068487773737008,0.3068487773737008
active_days_14d,stake_14d,0.3062769278143701,0.3062769278143701
active_days_14d,stake_recent15,0.30606035286693445,0.30606035286693445
bets_7d,winnings_14d,0.30537673415682565,0.30537673415682565
stake_14d,active_days_recent15,0.30495725485584924,0.30495725485584924
active_days_14d,winnings_14d,0.30298311113107007,0.30298311113107007
winnings_14d,active_days_recent15,0.3015357090345141,0.3015357090345141
bets_7d,stake_recent15,0.3005133345015651,0.3005133345015651
active_days_30d,active_days_change_pct_15d,0.2987738278401608,0.2987738278401608
active_days_7d,stake_7d,0.29762357326202293,0.29762357326202293
stake_14d,net_loss_7d,0.29531751155498176,0.29531751155498176
net_loss_7d,stake_recent15,0.2948040173830487,0.2948040173830487
active_days_7d,winnings_7d,0.2942923205296269,0.2942923205296269
bets_early15,stake_early15,0.29300993144531484,0.29300993144531484
bets_30d,active_days_7d,0.29188491728403293,0.29188491728403293
bets_30d,stake_30d,0.2898745635451177,0.2898745635451177
bets_7d,bets_early15,0.2889090706845362,0.2889090706845362
bets_30d,winnings_30d,0.2855903747595362,0.2855903747595362
stake_14d,stake_early15,0.28473969603018684,0.28473969603018684
avg_bets_per_active_day_30d,avg_stake_per_active_day_30d,0.282274833808838,0.282274833808838
active_days_7d_share,active_days_early15,-0.28153928723972255,0.28153928723972255
stake_7d,net_loss_7d,0.28063331495833005,0.28063331495833005
winnings_14d,stake_early15,0.2803122933281623,0.2803122933281623
avg_stake_per_bet_30d,median_daily_stake_30d,0.2792124804183994,0.2792124804183994
stake_change_15d,active_days_change_15d,0.2781708143183744,0.2781708143183744
bets_7d_share,active_days_early15,-0.27665053508659787,0.27665053508659787
stake_30d,active_days_early15,0.27638296169431487,0.27638296169431487
stake_30d,net_loss_7d,0.2735697528446328,0.2735697528446328
winnings_30d,active_days_early15,0.2731162085763321,0.2731162085763321
median_daily_stake_30d,std_daily_stake_30d,0.272804022729053,0.272804022729053
winnings_14d,net_loss_7d,0.2724405798074589,0.2724405798074589
bets_change_15d,active_days_early15,-0.27114368881149004,0.27114368881149004
bets_change_15d,active_days_change_pct_15d,0.2695649148247835,0.2695649148247835
stake_30d,active_days_recent15,0.26871381495177715,0.26871381495177715
stake_7d_share,active_days_early15,-0.26833238095971795,0.26833238095971795
winnings_30d,active_days_recent15,0.2673036913682795,0.2673036913682795
avg_bets_per_active_day_7d,stake_7d,0.26717956572043305,0.26717956572043305
active_days_7d,stake_14d,0.26660695008196067,0.26660695008196067
net_loss_30d,stake_recent15,0.2665931942790764,0.2665931942790764
bets_recent15,active_days_change_pct_15d,0.2655024170841951,0.2655024170841951
mean_gap_between_active_days_30d,active_days_early15,-0.26536429779422827,0.26536429779422827
active_days_7d,winnings_14d,0.264448736960887,0.264448736960887
active_days_30d,stake_early15,0.26415088249357105,0.26415088249357105
avg_bets_per_active_day_7d,winnings_7d,0.2628017638849808,0.2628017638849808
bets_14d,active_days_change_pct_15d,0.26165313687082814,0.26165313687082814
stake_14d,net_loss_30d,0.26159747615417633,0.26159747615417633
active_days_14d,stake_30d,0.2614952111799393,0.2614952111799393
active_days_7d,stake_recent15,0.2613660025849987,0.2613660025849987
active_days_30d,stake_recent15,0.2603319973663587,0.2603319973663587
active_days_7d,active_days_early15,0.26023294257552976,0.26023294257552976
active_days_14d,winnings_30d,0.2601156432865011,0.2601156432865011
active_days_14d,stake_7d,0.25960124400187495,0.25960124400187495
winnings_30d,net_loss_7d,0.2592417166585124,0.2592417166585124
avg_bets_per_active_day_7d,avg_stake_per_active_day_30d,0.2588735669305126,0.2588735669305126
active_days_14d,active_days_7d_share,0.2572246686335089,0.2572246686335089
active_days_14d,winnings_7d,0.2559887367791414,0.2559887367791414
stake_7d,active_days_recent15,0.25476003083496246,0.25476003083496246
bets_change_pct_15d,active_days_change_pct_15d,0.2546365562692807,0.2546365562692807
active_days_30d,stake_14d,0.25284886499074055,0.25284886499074055
winnings_7d,avg_stake_per_bet_30d,0.2526112509890406,0.2526112509890406
stake_7d,avg_stake_per_bet_30d,0.2518533401376749,0.2518533401376749
winnings_7d,active_days_recent15,0.25120222853043056,0.25120222853043056
bets_30d,stake_recent15,0.25118609070784753,0.25118609070784753
bets_30d,stake_14d,0.24972232461732427,0.24972232461732427
active_days_30d,winnings_14d,0.24926195108415963,0.24926195108415963
active_days_14d,stake_7d_share,0.24835851615084575,0.24835851615084575
active_days_30d,bets_7d,0.24749365224923703,0.24749365224923703
bets_30d,net_loss_30d,0.24631320999246056,0.24631320999246056
mean_gap_between_active_days_30d,active_days_recent15,-0.24628201130125435,0.24628201130125435
bets_30d,winnings_14d,0.24527977247552507,0.24527977247552507
stake_30d,bets_recent15,0.24506548550392362,0.24506548550392362
bets_30d,std_daily_stake_30d,0.2441572799376931,0.2441572799376931
stake_30d,bets_early15,0.2435955898028539,0.2435955898028539
bets_early15,active_days_change_15d,-0.2435115642849676,0.2435115642849676
stake_7d,bets_change_15d,0.24262558130423503,0.24262558130423503
winnings_30d,bets_recent15,0.24242243384569148,0.24242243384569148
winnings_14d,net_loss_30d,0.24216496540346524,0.24216496540346524
winnings_7d,bets_change_15d,0.2411069268279227,0.2411069268279227
bets_14d,stake_30d,0.24074390278839997,0.24074390278839997
winnings_7d,net_loss_7d,0.23969069954540767,0.23969069954540767
winnings_30d,bets_early15,0.2390204363350268,0.2390204363350268
bets_14d,winnings_30d,0.23826394682892302,0.23826394682892302
active_days_14d,mean_gap_between_active_days_30d,-0.23802759226764061,0.23802759226764061
bets_14d,active_days_change_15d,0.23757389385567257,0.23757389385567257
net_loss_30d,bets_early15,0.2364156643649649,0.2364156643649649
active_days_14d,bets_7d_share,0.23638345770291747,0.23638345770291747
active_days_30d,std_daily_stake_30d,0.23513741863676282,0.23513741863676282
bets_7d,active_days_change_pct_15d,0.23408299988278777,0.23408299988278777
avg_bets_per_active_day_30d,std_daily_stake_30d,0.2334491778757929,0.2334491778757929
bets_recent15,active_days_change_15d,0.233262756451838,0.233262756451838
bets_30d,stake_7d,0.23272877910225448,0.23272877910225448
active_days_7d_share,active_days_recent15,0.23093054382762854,0.23093054382762854
bets_14d,days_since_last_active_bet,-0.2296191387363305,0.2296191387363305
days_since_last_active_bet,bets_recent15,-0.22949607907410638,0.22949607907410638
bets_30d,winnings_7d,0.22910435685159117,0.22910435685159117
avg_bets_per_active_day_30d,max_daily_stake_30d,0.22463832258894412,0.22463832258894412
max_gap_between_active_days_30d,active_days_change_pct_15d,0.22352600073595913,0.22352600073595913
stake_7d_share,active_days_recent15,0.22273856542657985,0.22273856542657985
bets_7d,days_since_last_active_bet,-0.22231629998124972,0.22231629998124972
active_days_7d,bets_change_15d,0.22221082502128986,0.22221082502128986
bets_7d,bets_7d_share,0.22175737400399864,0.22175737400399864
max_daily_stake_30d,median_daily_stake_30d,0.22080492721583275,0.22080492721583275
bets_7d,active_days_change_15d,0.22053397575113828,0.22053397575113828
bets_30d,max_daily_stake_30d,0.21983846588917905,0.21983846588917905
active_days_14d,bets_change_15d,0.21957926430646652,0.21957926430646652
net_loss_7d,std_daily_stake_30d,0.21913760718293396,0.21913760718293396
std_daily_stake_30d,bets_early15,0.2187785928990222,0.2187785928990222
bets_30d,stake_early15,0.21814460431215563,0.21814460431215563
stake_7d,net_loss_30d,0.21674336514685436,0.21674336514685436
stake_14d,bets_change_15d,0.21652059627953577,0.21652059627953577
bets_7d_share,bets_change_pct_15d,0.21604087610984063,0.21604087610984063
active_days_30d,net_loss_30d,0.21572634456872442,0.21572634456872442
winnings_14d,bets_change_15d,0.21563732206103453,0.21563732206103453
bets_7d,stake_7d_share,0.21482112094148845,0.21482112094148845
bets_change_15d,stake_recent15,0.21278366257236334,0.21278366257236334
active_days_30d,median_daily_stake_30d,0.212559351960966,0.212559351960966
bets_7d,stake_30d,0.21105100403410287,0.21105100403410287
bets_7d,stake_change_15d,0.21060152758214892,0.21060152758214892
bets_7d_share,active_days_recent15,0.21034517668580033,0.21034517668580033
net_loss_30d,active_days_early15,0.21015819492914306,0.21015819492914306
bets_14d,stake_change_15d,0.20998872908336264,0.20998872908336264
avg_bets_per_active_day_30d,stake_30d,0.2092289519777165,0.2092289519777165
bets_7d,winnings_30d,0.20901261913004304,0.20901261913004304
bets_change_15d,active_days_recent15,0.2080910334859645,0.2080910334859645
active_days_30d,max_daily_stake_30d,0.20803836262223357,0.20803836262223357
active_days_7d,stake_30d,0.20802884160366705,0.20802884160366705
bets_recent15,stake_change_15d,0.20780454037820786,0.20780454037820786
active_days_7d,winnings_30d,0.2069261201600802,0.2069261201600802
avg_bets_per_active_day_30d,net_loss_30d,0.20529632503208148,0.20529632503208148
avg_bets_per_active_day_30d,winnings_30d,0.20522523784885163,0.20522523784885163
std_daily_stake_30d,active_days_early15,0.20507353218866242,0.20507353218866242
bets_change_15d,stake_early15,-0.20392103572290238,0.20392103572290238
avg_bets_per_active_day_7d,stake_14d,0.203722591179982,0.203722591179982
bets_7d_share,bets_change_15d,0.2033613980789684,0.2033613980789684
avg_stake_per_active_day_30d,stake_change_15d,-0.20244007807011488,0.20244007807011488
stake_7d_share,bets_change_15d,0.2015702577588351,0.2015702577588351
avg_bets_per_active_day_7d,winnings_14d,0.2003010146499663,0.2003010146499663
max_daily_stake_30d,bets_early15,0.20011396753626204,0.20011396753626204
avg_bets_per_active_day_7d,stake_recent15,0.19874752155366723,0.19874752155366723
median_daily_stake_30d,stake_change_15d,0.19789061848609887,0.19789061848609887
winnings_7d,net_loss_30d,0.19525643549593055,0.19525643549593055
bets_30d,avg_stake_per_active_day_30d,0.1947712073922878,0.1947712073922878
bets_7d,net_loss_7d,0.19325483548325717,0.19325483548325717
std_daily_stake_30d,bets_recent15,0.19275880491123715,0.19275880491123715
active_days_30d,stake_7d,0.19205320396984793,0.19205320396984793
bets_early15,active_days_recent15,0.19130061163634024,0.19130061163634024
net_loss_7d,max_daily_stake_30d,0.1909100695136385,0.1909100695136385
bets_14d,std_daily_stake_30d,0.1902773702828402,0.1902773702828402
std_daily_stake_30d,active_days_recent15,0.1897664609756419,0.1897664609756419
median_daily_stake_30d,active_days_recent15,0.1888260937136536,0.1888260937136536
active_days_30d,winnings_7d,0.18857707863029824,0.18857707863029824
net_loss_7d,avg_stake_per_active_day_30d,0.18767478131758894,0.18767478131758894
max_daily_stake_30d,stake_change_15d,-0.18760219492285404,0.18760219492285404
active_days_14d,std_daily_stake_30d,0.18511497928343054,0.18511497928343054
active_days_14d,median_daily_stake_30d,0.1847599406101134,0.1847599406101134
stake_7d_share,bets_change_pct_15d,0.18410422379170555,0.18410422379170555
bets_7d,active_days_7d_share,0.183638219509974,0.183638219509974
max_daily_stake_30d,active_days_early15,0.182646544108049,0.182646544108049
avg_bets_per_active_day_7d,std_daily_stake_30d,0.18152080301270226,0.18152080301270226
bets_30d,days_since_last_active_bet,-0.1801295645942735,0.1801295645942735
active_days_14d,bets_early15,0.17968163946025772,0.17968163946025772
active_days_7d_share,bets_change_15d,0.179177149691417,0.179177149691417
net_loss_30d,bets_recent15,0.17869216817069494,0.17869216817069494
avg_stake_per_active_day_30d,median_daily_stake_30d,0.1768919950586089,0.1768919950586089
avg_stake_per_active_day_30d,bets_early15,0.176393991388119,0.176393991388119
stake_early15,active_days_change_15d,-0.1756790202982903,0.1756790202982903
net_loss_7d,median_daily_stake_30d,0.1748888886239206,0.1748888886239206
bets_7d,std_daily_stake_30d,0.17463964867369336,0.17463964867369336
avg_bets_per_active_day_7d,max_daily_stake_30d,0.17318017667615546,0.17318017667615546
net_loss_7d,bets_recent15,0.17305452230738552,0.17305452230738552
bets_early15,stake_change_15d,-0.1728601650687375,0.1728601650687375
avg_bets_per_active_day_30d,stake_early15,0.17202880632898895,0.17202880632898895
bets_14d,net_loss_30d,0.172025099782402,0.172025099782402
avg_bets_per_active_day_30d,stake_7d,0.17197478020866566,0.17197478020866566
bets_14d,net_loss_7d,0.17190878945325588,0.17190878945325588
days_since_last_active_bet,mean_gap_between_active_days_30d,-0.17111607433759257,0.17111607433759257
stake_7d,stake_7d_share,0.1710412242080915,0.1710412242080915
bets_change_pct_15d,active_days_change_15d,0.1706985968436709,0.1706985968436709
max_daily_stake_30d,bets_recent15,0.1704204069933959,0.1704204069933959
winnings_7d,stake_7d_share,0.17040725587393626,0.17040725587393626
std_daily_stake_30d,stake_change_15d,-0.16892465451604347,0.16892465451604347
median_daily_stake_30d,active_days_early15,0.16889716859368573,0.16889716859368573
bets_14d,max_daily_stake_30d,0.16853664549545555,0.16853664549545555
avg_bets_per_active_day_30d,winnings_7d,0.16853384007126362,0.16853384007126362
net_loss_30d,avg_stake_per_bet_30d,0.16762903024853332,0.16762903024853332
max_daily_stake_30d,active_days_recent15,0.1666307308630528,0.1666307308630528
avg_bets_per_active_day_30d,stake_recent15,0.16614967322057264,0.16614967322057264
avg_bets_per_active_day_30d,stake_14d,0.16609518385488262,0.16609518385488262
stake_recent15,active_days_change_pct_15d,0.16585381367906651,0.16585381367906651
active_days_7d_share,bets_change_pct_15d,0.165137410486795,0.165137410486795
avg_bets_per_active_day_7d,net_loss_30d,0.1650860959477639,0.1650860959477639
avg_bets_per_active_day_7d,stake_change_15d,0.16502555663259622,0.16502555663259622
stake_14d,active_days_change_pct_15d,0.16474895532171502,0.16474895532171502
avg_bets_per_active_day_7d,net_loss_7d,0.16374476826859413,0.16374476826859413
active_days_14d,max_daily_stake_30d,0.1628781520377276,0.1628781520377276
winnings_14d,active_days_change_pct_15d,0.16283744636891226,0.16283744636891226
stake_7d,stake_early15,0.16249143656978285,0.16249143656978285
avg_bets_per_active_day_30d,winnings_14d,0.16229189083180032,0.16229189083180032
days_since_last_active_bet,stake_14d,-0.16192806183274022,0.16192806183274022
days_since_last_active_bet,stake_recent15,-0.161386245000316,0.161386245000316
stake_7d,active_days_change_15d,0.1610198552239121,0.1610198552239121
winnings_7d,active_days_change_15d,0.1600010907620127,0.1600010907620127
days_since_last_active_bet,stake_7d,-0.15995048592139605,0.15995048592139605
days_since_last_active_bet,winnings_14d,-0.15934543092980633,0.15934543092980633
stake_7d,active_days_change_pct_15d,0.15872706843424098,0.15872706843424098
active_days_7d,mean_gap_between_active_days_30d,-0.1578226184520586,0.1578226184520586
avg_bets_per_active_day_7d,stake_30d,0.15778304895067619,0.15778304895067619
winnings_7d,stake_early15,0.15771915995461835,0.15771915995461835
days_since_last_active_bet,winnings_7d,-0.1572580729872805,0.1572580729872805
stake_change_15d,active_days_early15,-0.15724123558504502,0.15724123558504502
stake_14d,active_days_change_15d,0.1571923080814534,0.1571923080814534
bets_7d,max_daily_stake_30d,0.15709069762930836,0.15709069762930836
winnings_7d,active_days_change_pct_15d,0.15679353082716732,0.15679353082716732
winnings_14d,active_days_change_15d,0.15659037364291095,0.15659037364291095
stake_change_15d,active_days_change_pct_15d,0.1546926167558708,0.1546926167558708
avg_bets_per_active_day_7d,winnings_30d,0.1544775673087042,0.1544775673087042
active_days_7d,net_loss_7d,0.1528860499669609,0.1528860499669609
avg_stake_per_active_day_30d,bets_recent15,0.15189354695287136,0.15189354695287136
stake_recent15,active_days_change_15d,0.1514884365088111,0.1514884365088111
net_loss_30d,active_days_recent15,0.1510238585562025,0.1510238585562025
active_days_14d,stake_change_15d,0.1505901359336527,0.1505901359336527
net_loss_7d,stake_early15,0.1503393435664979,0.1503393435664979
bets_recent15,active_days_early15,0.15001297884436265,0.15001297884436265
bets_14d,avg_stake_per_active_day_30d,0.1499360655396426,0.1499360655396426
active_days_7d,std_daily_stake_30d,0.14966901149339049,0.14966901149339049
active_days_7d,stake_change_15d,0.14957455654390062,0.14957455654390062
active_days_14d,net_loss_7d,0.14935734902926084,0.14935734902926084
bets_change_15d,bets_change_pct_15d,0.14807839455064659,0.14807839455064659
stake_7d,bets_7d_share,0.14753584366611577,0.14753584366611577
active_days_14d,net_loss_30d,0.14718792109579507,0.14718792109579507
net_loss_7d,active_days_recent15,0.14685874184877978,0.14685874184877978
bets_7d,net_loss_30d,0.14671206510084003,0.14671206510084003
bets_7d,avg_stake_per_active_day_30d,0.14670534757613798,0.14670534757613798
winnings_7d,bets_7d_share,0.14668126307115648,0.14668126307115648
stake_change_15d,active_days_recent15,0.1442903480136589,0.1442903480136589
avg_bets_per_active_day_7d,bets_change_pct_15d,0.14364103765016115,0.14364103765016115
days_since_last_active_bet,bets_change_15d,-0.14347666568562384,0.14347666568562384
bets_30d,net_loss_7d,0.14263277152913637,0.14263277152913637
bets_14d,active_days_early15,0.14063789041655167,0.14063789041655167
active_days_7d,median_daily_stake_30d,0.1405766058210272,0.1405766058210272
bets_7d,bets_change_pct_15d,0.14032781558627747,0.14032781558627747
stake_7d_share,stake_change_15d,0.14001479405744155,0.14001479405744155
bets_change_pct_15d,stake_change_pct_15d,0.1342335737777978,0.1342335737777978
stake_recent15,active_days_early15,0.13343860633781435,0.13343860633781435
bets_30d,mean_gap_between_active_days_30d,-0.13184587064395648,0.13184587064395648
active_days_7d,max_daily_stake_30d,0.13162737743217798,0.13162737743217798
bets_30d,active_days_change_pct_15d,0.12977597627465667,0.12977597627465667
stake_early15,active_days_recent15,0.12972810791658923,0.12972810791658923
net_loss_30d,median_daily_stake_30d,0.12908935658465032,0.12908935658465032
net_loss_30d,stake_change_15d,-0.12902059548849473,0.12902059548849473
days_since_last_active_bet,stake_30d,-0.12885015831900815,0.12885015831900815
active_days_30d,net_loss_7d,0.12868827242027386,0.12868827242027386
days_since_last_active_bet,winnings_30d,-0.12816196566783056,0.12816196566783056
active_days_30d,avg_bets_per_active_day_30d,0.12756173789812925,0.12756173789812925
bets_14d,bets_change_pct_15d,0.12676803154038058,0.12676803154038058
active_days_7d,bets_early15,0.12619569402811112,0.12619569402811112
active_days_7d,avg_bets_per_active_day_7d,0.1248673783432527,0.1248673783432527
stake_7d,active_days_7d_share,0.12479197254185449,0.12479197254185449
stake_14d,active_days_early15,0.12427162474767417,0.12427162474767417
winnings_7d,active_days_7d_share,0.12361218340979344,0.12361218340979344
bets_7d_share,stake_change_15d,0.12309985556897496,0.12309985556897496
avg_bets_per_active_day_30d,net_loss_7d,0.12266567331868235,0.12266567331868235
winnings_14d,active_days_early15,0.12164580118046525,0.12164580118046525
bets_recent15,bets_change_pct_15d,0.1210924729831183,0.1210924729831183
active_days_14d,stake_early15,0.12036510892868206,0.12036510892868206
bets_14d,stake_7d_share,0.118596799450596,0.118596799450596
active_days_7d,bets_change_pct_15d,0.11814296565862427,0.11814296565862427
bets_14d,bets_7d_share,0.11756221673161937,0.11756221673161937
active_days_7d,net_loss_30d,0.11725100718241895,0.11725100718241895
active_days_14d,avg_bets_per_active_day_30d,0.11719840570007822,0.11719840570007822
avg_bets_per_active_day_30d,active_days_recent15,0.1168727479676859,0.1168727479676859
mean_gap_between_active_days_30d,bets_early15,-0.11656271008176104,0.11656271008176104
net_loss_7d,stake_change_15d,0.11527455008410695,0.11527455008410695
days_since_last_active_bet,bets_change_pct_15d,-0.11441165235993932,0.11441165235993932
active_days_7d,avg_bets_per_active_day_30d,0.11423018233270685,0.11423018233270685
bets_30d,median_daily_stake_30d,0.11363329617555827,0.11363329617555827
days_since_last_active_bet,active_days_early15,-0.11311222166073821,0.11311222166073821
active_days_14d,bets_change_pct_15d,0.11121524880518904,0.11121524880518904
bets_7d_share,bets_early15,-0.11071685199736955,0.11071685199736955
active_days_7d_share,stake_change_15d,0.1102612232340976,0.1102612232340976
stake_7d_share,bets_recent15,0.10944229432120423,0.10944229432120423
stake_change_pct_15d,active_days_change_pct_15d,0.10935780376315658,0.10935780376315658
bets_7d_share,bets_recent15,0.10813857858990208,0.10813857858990208
stake_7d_share,bets_early15,-0.10769137734991296,0.10769137734991296
bets_14d,median_daily_stake_30d,0.1069572902379052,0.1069572902379052
active_days_30d,avg_stake_per_active_day_30d,0.10683901264269882,0.10683901264269882
median_daily_stake_30d,bets_recent15,0.10683344601826772,0.10683344601826772
bets_change_pct_15d,active_days_recent15,0.1064258973381382,0.1064258973381382
days_since_last_active_bet,std_daily_stake_30d,-0.10533185082662036,0.10533185082662036
bets_14d,active_days_7d_share,0.10526046135642578,0.10526046135642578
mean_gap_between_active_days_30d,bets_recent15,-0.10461289511703534,0.10461289511703534
days_since_last_active_bet,net_loss_7d,-0.10258904940709047,0.10258904940709047
mean_gap_between_active_days_30d,stake_30d,-0.10210167686479403,0.10210167686479403
bets_14d,mean_gap_between_active_days_30d,-0.10194860258067273,0.10194860258067273
mean_gap_between_active_days_30d,winnings_30d,-0.10142548772544273,0.10142548772544273
avg_bets_per_active_day_7d,bets_7d_share,0.09894307621334339,0.09894307621334339
avg_bets_per_active_day_30d,active_days_early15,0.09796889627535005,0.09796889627535005
active_days_14d,avg_bets_per_active_day_7d,0.09787876652389783,0.09787876652389783
active_days_7d_share,bets_recent15,0.0976407334540185,0.0976407334540185
net_loss_7d,bets_change_15d,0.09753328438050037,0.09753328438050037
bets_early15,stake_recent15,0.09702318823380718,0.09702318823380718
days_since_last_active_bet,max_daily_stake_30d,-0.09575614488427706,0.09575614488427706
stake_7d_share,days_since_registration,0.09543017795781947,0.09543017795781947
avg_stake_per_active_day_30d,active_days_early15,0.09541019883315732,0.09541019883315732
active_days_7d_share,bets_early15,-0.09519736868502446,0.09519736868502446
active_days_early15,days_since_registration,-0.09429769678569493,0.09429769678569493
stake_14d,bets_early15,0.09378506932833436,0.09378506932833436
bets_7d_share,days_since_registration,0.09350596119782599,0.09350596119782599
active_days_7d_share,days_since_registration,0.09338510324225335,0.09338510324225335
avg_bets_per_active_day_7d,active_days_recent15,0.0922922975812725,0.0922922975812725
days_since_last_active_bet,stake_change_15d,-0.09181160843358689,0.09181160843358689
winnings_14d,bets_early15,0.0905224140320611,0.0905224140320611
mean_gap_between_active_days_30d,stake_early15,-0.08919735117121845,0.08919735117121845
winnings_14d,stake_7d_share,0.08746442916669066,0.08746442916669066
stake_14d,stake_7d_share,0.08690726381032503,0.08690726381032503
stake_7d_share,stake_change_pct_15d,0.08680368741550125,0.08680368741550125
stake_7d_share,stake_early15,-0.08679017971396276,0.08679017971396276
max_gap_between_active_days_30d,stake_7d_share,0.08670062184913106,0.08670062184913106
bets_7d,active_days_early15,0.08630121220187913,0.08630121220187913
avg_bets_per_active_day_7d,stake_7d_share,0.08601035328641266,0.08601035328641266
max_gap_between_active_days_30d,active_days_7d_share,0.08563190332768235,0.08563190332768235
active_days_early15,active_days_change_pct_15d,-0.08496998941959326,0.08496998941959326
median_daily_stake_30d,bets_early15,0.08476919161050155,0.08476919161050155
avg_stake_per_active_day_30d,active_days_recent15,0.08388486507986491,0.08388486507986491
stake_30d,active_days_change_pct_15d,0.08374447179327117,0.08374447179327117
winnings_30d,active_days_change_pct_15d,0.08362329255472972,0.08362329255472972
avg_bets_per_active_day_30d,days_since_last_active_bet,-0.08333932944524379,0.08333932944524379
bets_7d,median_daily_stake_30d,0.08300903243999781,0.08300903243999781
active_days_change_15d,days_since_registration,0.08296193746770285,0.08296193746770285
net_loss_7d,active_days_change_pct_15d,0.08291370119872946,0.08291370119872946
max_gap_between_active_days_30d,bets_7d_share,0.08288362235806962,0.08288362235806962
mean_gap_between_active_days_30d,std_daily_stake_30d,-0.08205212155215447,0.08205212155215447
active_days_14d,avg_stake_per_active_day_30d,0.08123964877225706,0.08123964877225706
active_days_30d,max_gap_between_active_days_30d,-0.08080308739657502,0.08080308739657502
avg_bets_per_active_day_7d,avg_stake_per_bet_30d,-0.08074311790791863,0.08074311790791863
avg_bets_per_active_day_30d,avg_stake_per_bet_30d,-0.08050355014503147,0.08050355014503147
max_gap_between_active_days_30d,bets_change_pct_15d,0.07992389752628343,0.07992389752628343
active_days_early15,days_since_first_pay,-0.07992042991171415,0.07992042991171415
active_days_7d,stake_early15,0.07855567681892553,0.07855567681892553
stake_7d_share,stake_recent15,0.07802964383087267,0.07802964383087267
bets_7d_share,stake_early15,-0.07781219607117339,0.07781219607117339
avg_bets_per_active_day_7d,active_days_change_15d,0.07664763186554995,0.07664763186554995
active_days_30d,avg_stake_per_bet_30d,0.07552249537028703,0.07552249537028703
active_days_7d,avg_stake_per_active_day_30d,0.07544051907699244,0.07544051907699244
winnings_14d,bets_7d_share,0.07513469875758971,0.07513469875758971
bets_7d,mean_gap_between_active_days_30d,-0.07507580951673562,0.07507580951673562
mean_gap_between_active_days_30d,stake_recent15,-0.07504207423592307,0.07504207423592307
stake_14d,bets_7d_share,0.07481840957372554,0.07481840957372554
days_since_last_active_bet,bets_early15,-0.07447127035509299,0.07447127035509299
bets_recent15,stake_early15,0.07428777285436423,0.07428777285436423
std_daily_stake_30d,active_days_change_pct_15d,0.07385934422588236,0.07385934422588236
mean_gap_between_active_days_30d,max_daily_stake_30d,-0.0736994370930807,0.0736994370930807
days_since_last_active_bet,net_loss_30d,-0.0727800564960118,0.0727800564960118
stake_7d,active_days_early15,0.07232932224104084,0.07232932224104084
mean_gap_between_active_days_30d,stake_14d,-0.07175720819374007,0.07175720819374007
avg_bets_per_active_day_30d,bets_change_pct_15d,0.07124535752456221,0.07124535752456221
stake_7d_share,days_since_first_pay,0.07124362702301547,0.07124362702301547
net_loss_7d,active_days_early15,0.07121405343270795,0.07121405343270795
mean_gap_between_active_days_30d,winnings_14d,-0.07090912756648515,0.07090912756648515
active_days_7d_share,stake_early15,-0.07008776024335477,0.07008776024335477
winnings_7d,active_days_early15,0.07001539413802929,0.07001539413802929
max_gap_between_active_days_30d,active_days_early15,-0.06968705826133834,0.06968705826133834
bets_14d,stake_early15,0.06959930278530606,0.06959930278530606
avg_bets_per_active_day_7d,days_since_last_active_bet,-0.06858758443286474,0.06858758443286474
bets_7d_share,days_since_first_pay,0.06806076604375563,0.06806076604375563
net_loss_7d,bets_early15,0.06760236341966064,0.06760236341966064
bets_7d_share,stake_recent15,0.06696758385120216,0.06696758385120216
stake_14d,active_days_7d_share,0.0666258271843872,0.0666258271843872
bets_7d_share,stake_change_pct_15d,0.06662359080857042,0.06662359080857042
winnings_14d,active_days_7d_share,0.06658096219468822,0.06658096219468822
max_daily_stake_30d,active_days_change_pct_15d,0.0660743489467226,0.0660743489467226
mean_gap_between_active_days_30d,stake_7d_share,0.06578395593559926,0.06578395593559926
stake_7d,bets_early15,0.06547138585611748,0.06547138585611748
avg_bets_per_active_day_30d,active_days_change_pct_15d,0.06519885514656351,0.06519885514656351
net_loss_7d,active_days_change_15d,0.06497531905919851,0.06497531905919851
active_days_change_15d,days_since_first_pay,0.06479717914908509,0.06479717914908509
avg_stake_per_bet_30d,active_days_recent15,0.06445102031058027,0.06445102031058027
active_days_7d_share,days_since_first_pay,0.06361982125339481,0.06361982125339481
winnings_7d,bets_early15,0.06323814155035457,0.06323814155035457
avg_stake_per_bet_30d,active_days_early15,0.0625267473474635,0.0625267473474635
mean_gap_between_active_days_30d,bets_7d_share,0.062441006950357474,0.062441006950357474
net_loss_30d,active_days_change_15d,-0.06234558373800057,0.06234558373800057
mean_gap_between_active_days_30d,active_days_7d_share,0.062060148109632424,0.062060148109632424
active_days_14d,avg_stake_per_bet_30d,0.06188598739243843,0.06188598739243843
active_days_30d,days_since_registration,-0.06129605850719387,0.06129605850719387
mean_gap_between_active_days_30d,net_loss_30d,-0.06100663283882535,0.06100663283882535
max_gap_between_active_days_30d,active_days_recent15,-0.06093911232022108,0.06093911232022108
active_days_7d_share,stake_recent15,0.059576723440194754,0.059576723440194754
stake_change_pct_15d,active_days_change_15d,0.059445172656379455,0.059445172656379455
net_loss_7d,active_days_7d_share,0.05919162411390479,0.05919162411390479
net_loss_7d,stake_7d_share,0.0588185583073456,0.0588185583073456
days_since_last_active_bet,median_daily_stake_30d,-0.058786634765255946,0.058786634765255946
avg_bets_per_active_day_30d,mean_gap_between_active_days_30d,-0.05866333111279906,0.05866333111279906
bets_change_pct_15d,active_days_early15,-0.05833562225583463,0.05833562225583463
net_loss_7d,bets_7d_share,0.05774852611462191,0.05774852611462191
active_days_30d,avg_bets_per_active_day_7d,0.05742290270570569,0.05742290270570569
active_days_7d_share,stake_change_pct_15d,0.056724503919858206,0.056724503919858206
max_gap_between_active_days_30d,stake_change_pct_15d,0.05579090915025577,0.05579090915025577
days_since_last_active_bet,avg_stake_per_active_day_30d,-0.055711281603458,0.055711281603458
active_days_30d,days_since_first_pay,-0.05551146684366628,0.05551146684366628
mean_gap_between_active_days_30d,stake_7d,-0.055278147909262845,0.055278147909262845
mean_gap_between_active_days_30d,winnings_7d,-0.054647516367987675,0.054647516367987675
bets_30d,avg_stake_per_bet_30d,-0.05446916511636935,0.05446916511636935
net_loss_30d,bets_change_15d,-0.05441354186419223,0.05441354186419223
days_since_last_active_bet,days_since_registration,-0.05284378927790526,0.05284378927790526
active_days_30d,active_days_change_15d,-0.051711246754038286,0.051711246754038286
avg_bets_per_active_day_7d,active_days_change_pct_15d,0.051268532737168006,0.051268532737168006
active_days_14d,max_gap_between_active_days_30d,-0.05092562560316267,0.05092562560316267
mean_gap_between_active_days_30d,active_days_change_pct_15d,0.05082002085892602,0.05082002085892602
avg_bets_per_active_day_7d,mean_gap_between_active_days_30d,-0.04987812967882393,0.04987812967882393
days_since_last_active_bet,stake_early15,-0.04913733838226085,0.04913733838226085
avg_stake_per_bet_30d,bets_early15,-0.048539500788170195,0.048539500788170195
net_loss_7d,avg_stake_per_bet_30d,0.048392734989497414,0.048392734989497414
bets_change_pct_15d,stake_change_15d,0.047924169759119874,0.047924169759119874
stake_7d,bets_change_pct_15d,0.04739471642723214,0.04739471642723214
active_days_7d,avg_stake_per_bet_30d,0.047375339615151314,0.047375339615151314
winnings_7d,bets_change_pct_15d,0.04729423244234915,0.04729423244234915
active_days_30d,bets_7d_share,-0.04628191546813244,0.04628191546813244
mean_gap_between_active_days_30d,avg_stake_per_active_day_30d,-0.04589051320015864,0.04589051320015864
bets_7d,stake_early15,0.04570038805869611,0.04570038805869611
max_gap_between_active_days_30d,days_since_first_casino_activity,0.04487855000266725,0.04487855000266725
avg_bets_per_active_day_7d,stake_early15,0.0446120267636862,0.0446120267636862
bets_30d,bets_change_pct_15d,0.04449329885500453,0.04449329885500453
active_days_30d,bets_change_15d,-0.04423774695912144,0.04423774695912144
mean_gap_between_active_days_30d,median_daily_stake_30d,-0.04379852992988638,0.04379852992988638
avg_bets_per_active_day_30d,active_days_7d_share,0.04345541217895619,0.04345541217895619
avg_stake_per_bet_30d,bets_recent15,-0.04327165826366948,0.04327165826366948
days_since_last_active_bet,avg_stake_per_bet_30d,-0.04312253409157854,0.04312253409157854
bets_14d,avg_stake_per_bet_30d,-0.0425808668282157,0.0425808668282157
days_since_last_active_bet,stake_change_pct_15d,-0.04221171470324375,0.04221171470324375
stake_30d,stake_change_15d,-0.04100426735156008,0.04100426735156008
avg_bets_per_active_day_30d,bets_7d_share,0.040457645179509005,0.040457645179509005
stake_14d,bets_change_pct_15d,0.03957943242450461,0.03957943242450461
winnings_14d,bets_change_pct_15d,0.03919034386187582,0.03919034386187582
avg_bets_per_active_day_30d,stake_7d_share,0.039118241680404724,0.039118241680404724
avg_stake_per_active_day_30d,active_days_change_pct_15d,0.03833719051666839,0.03833719051666839
active_days_7d,stake_change_pct_15d,0.03830544512510047,0.03830544512510047
bets_change_pct_15d,stake_recent15,0.03825048790074986,0.03825048790074986
days_since_last_active_bet,days_since_first_pay,-0.0374235546549933,0.0374235546549933
active_days_30d,active_days_7d_share,-0.03730005457312549,0.03730005457312549
winnings_30d,stake_change_15d,-0.03727801198636686,0.03727801198636686
net_loss_30d,active_days_change_pct_15d,0.03722619629951074,0.03722619629951074
net_loss_30d,stake_7d_share,-0.03705000477160944,0.03705000477160944
bets_7d,avg_stake_per_bet_30d,-0.03610910532890847,0.03610910532890847
stake_7d_share,days_since_first_casino_activity,0.03576966499298757,0.03576966499298757
active_days_14d,stake_change_pct_15d,0.0346503393502992,0.0346503393502992
active_days_7d,max_gap_between_active_days_30d,0.03459138572244106,0.03459138572244106
bets_early15,bets_change_pct_15d,-0.034230533863640875,0.034230533863640875
max_gap_between_active_days_30d,stake_early15,-0.03408237346106675,0.03408237346106675
active_days_30d,stake_7d_share,-0.03403073125141093,0.03403073125141093
stake_30d,days_since_first_casino_activity,0.03367569506538845,0.03367569506538845
winnings_30d,days_since_first_casino_activity,0.03336849098481884,0.03336849098481884
stake_change_pct_15d,active_days_recent15,0.033323384631990825,0.033323384631990825
bets_7d_share,days_since_first_casino_activity,0.032475672759457605,0.032475672759457605
max_gap_between_active_days_30d,median_daily_stake_30d,-0.03241060314869619,0.03241060314869619
max_gap_between_active_days_30d,winnings_30d,-0.03233283588719475,0.03233283588719475
max_gap_between_active_days_30d,stake_30d,-0.032027316676011934,0.032027316676011934
net_loss_30d,bets_7d_share,-0.031803075225887704,0.031803075225887704
stake_recent15,days_since_first_casino_activity,0.03095473902007071,0.03095473902007071
net_loss_7d,stake_change_pct_15d,-0.03080456983790418,0.03080456983790418
bets_30d,max_gap_between_active_days_30d,-0.03063592998240626,0.03063592998240626
mean_gap_between_active_days_30d,bets_change_pct_15d,0.030531440772992663,0.030531440772992663
avg_stake_per_bet_30d,days_since_first_casino_activity,0.03039851827241995,0.03039851827241995
mean_gap_between_active_days_30d,days_since_first_casino_activity,0.029871354379789425,0.029871354379789425
winnings_7d,stake_change_pct_15d,0.029779338254974325,0.029779338254974325
winnings_14d,days_since_first_casino_activity,0.02958060129012239,0.02958060129012239
stake_14d,days_since_first_casino_activity,0.02956967468307312,0.02956967468307312
max_gap_between_active_days_30d,bets_early15,-0.02938707357055673,0.02938707357055673
active_days_30d,bets_change_pct_15d,0.02925720582851648,0.02925720582851648
net_loss_30d,active_days_7d_share,-0.02888181965334713,0.02888181965334713
winnings_7d,days_since_first_pay,0.028777001954416796,0.028777001954416796
stake_7d,days_since_first_pay,0.028716204880671566,0.028716204880671566
mean_gap_between_active_days_30d,net_loss_7d,-0.02869678160195017,0.02869678160195017
max_daily_stake_30d,bets_change_15d,-0.028285095981171512,0.028285095981171512
avg_bets_per_active_day_7d,median_daily_stake_30d,0.028184816162734248,0.028184816162734248
stake_7d,stake_change_pct_15d,0.02813299202748171,0.02813299202748171
active_days_early15,days_since_first_casino_activity,-0.027412157124329522,0.027412157124329522
stake_change_15d,stake_change_pct_15d,0.027192315105010433,0.027192315105010433
active_days_7d,days_since_registration,0.02710572226816891,0.02710572226816891
bets_change_15d,days_since_registration,0.02658723869333347,0.02658723869333347
avg_bets_per_active_day_30d,median_daily_stake_30d,0.02652360799404218,0.02652360799404218
stake_change_15d,days_since_registration,0.026505007037867602,0.026505007037867602
bets_change_pct_15d,days_since_first_casino_activity,0.026190064793540295,0.026190064793540295
active_days_7d_share,days_since_first_casino_activity,0.025030815988074672,0.025030815988074672
bets_early15,days_since_registration,-0.024970786907583805,0.024970786907583805
std_daily_stake_30d,bets_change_15d,-0.02494833023164395,0.02494833023164395
stake_change_pct_15d,active_days_early15,-0.024321053873027344,0.024321053873027344
std_daily_stake_30d,days_since_first_casino_activity,0.024132233486796138,0.024132233486796138
stake_7d,days_since_first_casino_activity,0.024072336397908407,0.024072336397908407
winnings_7d,days_since_first_casino_activity,0.0238394143085458,0.0238394143085458
stake_recent15,stake_change_pct_15d,0.02383212465056794,0.02383212465056794
mean_gap_between_active_days_30d,active_days_change_15d,0.02382818164833484,0.02382818164833484
active_days_30d,days_since_first_casino_activity,-0.02381731937696935,0.02381731937696935
active_days_change_pct_15d,days_since_first_pay,0.023764660729076716,0.023764660729076716
stake_early15,days_since_first_casino_activity,0.023635423895028315,0.023635423895028315
avg_stake_per_active_day_30d,bets_change_15d,-0.023380575915243805,0.023380575915243805
avg_stake_per_active_day_30d,days_since_first_casino_activity,0.023017618532340568,0.023017618532340568
net_loss_30d,days_since_first_casino_activity,0.022862077717180726,0.022862077717180726
std_daily_stake_30d,active_days_change_15d,-0.022686002193347602,0.022686002193347602
bets_early15,active_days_change_pct_15d,-0.022645025646481482,0.022645025646481482
max_daily_stake_30d,active_days_change_15d,-0.02234918394755071,0.02234918394755071
mean_gap_between_active_days_30d,stake_change_pct_15d,0.022266615201279635,0.022266615201279635
max_gap_between_active_days_30d,bets_recent15,-0.022004399227929752,0.022004399227929752
stake_change_15d,days_since_first_pay,0.0219165502017068,0.0219165502017068
avg_stake_per_bet_30d,bets_7d_share,0.021799751016897066,0.021799751016897066
winnings_14d,stake_change_pct_15d,0.021765620559200175,0.021765620559200175
winnings_14d,days_since_first_pay,0.021687434904145257,0.021687434904145257
bets_early15,days_since_first_pay,-0.02161866004167894,0.02161866004167894
median_daily_stake_30d,active_days_change_pct_15d,0.02143541873842266,0.02143541873842266
winnings_7d,days_since_registration,0.02133953857167727,0.02133953857167727
stake_14d,days_since_first_pay,0.021226898743776024,0.021226898743776024
avg_bets_per_active_day_7d,max_gap_between_active_days_30d,-0.02121500435983003,0.02121500435983003
stake_14d,stake_change_pct_15d,0.02120221604724987,0.02120221604724987
stake_recent15,days_since_first_pay,0.021190078968874284,0.021190078968874284
stake_7d,days_since_registration,0.021127417675051198,0.021127417675051198
max_gap_between_active_days_30d,std_daily_stake_30d,-0.02104361737932451,0.02104361737932451
median_daily_stake_30d,days_since_first_casino_activity,0.0207593865153855,0.0207593865153855
stake_early15,active_days_change_pct_15d,-0.020735846061439946,0.020735846061439946
avg_stake_per_bet_30d,stake_change_pct_15d,0.02063364990637404,0.02063364990637404
bets_change_15d,days_since_first_pay,0.02048731874242267,0.02048731874242267
bets_30d,stake_change_15d,0.020273771345240162,0.020273771345240162
median_daily_stake_30d,bets_change_15d,0.020142655328734306,0.020142655328734306
max_gap_between_active_days_30d,max_daily_stake_30d,-0.0196540156537522,0.0196540156537522
bets_change_pct_15d,days_since_first_pay,0.019647570338011674,0.019647570338011674
active_days_change_pct_15d,days_since_registration,0.01953608473633867,0.01953608473633867
avg_stake_per_active_day_30d,bets_7d_share,0.019520767338655615,0.019520767338655615
max_daily_stake_30d,days_since_first_casino_activity,0.019464248931482457,0.019464248931482457
bets_14d,max_gap_between_active_days_30d,-0.01916824225124916,0.01916824225124916
avg_stake_per_bet_30d,active_days_change_pct_15d,0.01904019910102514,0.01904019910102514
stake_30d,active_days_change_15d,-0.018911734064665016,0.018911734064665016
stake_early15,days_since_registration,-0.018518817684858413,0.018518817684858413
max_gap_between_active_days_30d,avg_stake_per_active_day_30d,-0.01842936502346226,0.01842936502346226
bets_change_pct_15d,stake_early15,-0.01839481360850266,0.01839481360850266
avg_stake_per_active_day_30d,active_days_7d_share,0.018333711584490764,0.018333711584490764
days_since_last_active_bet,days_since_first_casino_activity,-0.01806140856177333,0.01806140856177333
avg_bets_per_active_day_30d,days_since_first_pay,-0.017725006901825293,0.017725006901825293
avg_stake_per_active_day_30d,stake_7d_share,0.017395303144435628,0.017395303144435628
max_gap_between_active_days_30d,stake_recent15,-0.017203057644544627,0.017203057644544627
winnings_30d,active_days_change_15d,-0.017099057650005443,0.017099057650005443
avg_stake_per_bet_30d,active_days_7d_share,0.016852269604642183,0.016852269604642183
avg_bets_per_active_day_30d,days_since_registration,-0.01634350384625654,0.01634350384625654
active_days_change_pct_15d,days_since_first_casino_activity,0.016068683112831522,0.016068683112831522
max_daily_stake_30d,stake_change_pct_15d,0.01599742173633376,0.01599742173633376
max_gap_between_active_days_30d,net_loss_7d,0.01590093541058561,0.01590093541058561
bets_change_pct_15d,days_since_registration,0.01587534492058498,0.01587534492058498
std_daily_stake_30d,stake_change_pct_15d,0.01569952294302958,0.01569952294302958
bets_change_15d,stake_change_pct_15d,0.015512906317289852,0.015512906317289852
bets_7d,days_since_registration,0.015283350685233833,0.015283350685233833
max_gap_between_active_days_30d,stake_change_15d,0.015049095253669063,0.015049095253669063
net_loss_30d,days_since_registration,-0.014991317184823372,0.014991317184823372
active_days_change_15d,days_since_first_casino_activity,0.014825375041389154,0.014825375041389154
mean_gap_between_active_days_30d,stake_change_15d,0.014538263036217604,0.014538263036217604
avg_stake_per_active_day_30d,active_days_change_15d,-0.014517403591584262,0.014517403591584262
max_gap_between_active_days_30d,winnings_14d,-0.014394634379958453,0.014394634379958453
avg_stake_per_bet_30d,stake_7d_share,0.014282700675648295,0.014282700675648295
std_daily_stake_30d,bets_change_pct_15d,0.014273683829997032,0.014273683829997032
max_gap_between_active_days_30d,stake_14d,-0.014155942189024062,0.014155942189024062
avg_stake_per_bet_30d,days_since_first_pay,0.013916772336797814,0.013916772336797814
net_loss_7d,bets_change_pct_15d,0.013857347112132427,0.013857347112132427
max_daily_stake_30d,bets_change_pct_15d,0.013711125087575727,0.013711125087575727
avg_bets_per_active_day_7d,active_days_early15,0.013407318319543315,0.013407318319543315
winnings_14d,days_since_registration,0.013396274066020418,0.013396274066020418
avg_stake_per_active_day_30d,bets_change_pct_15d,0.013310285972326651,0.013310285972326651
active_days_7d,days_since_first_pay,0.013221618741219875,0.013221618741219875
mean_gap_between_active_days_30d,avg_stake_per_bet_30d,-0.012865495792352459,0.012865495792352459
stake_14d,days_since_registration,0.012792074958451083,0.012792074958451083
avg_bets_per_active_day_30d,active_days_change_15d,0.012753564077083966,0.012753564077083966
bets_30d,days_since_registration,-0.012711620438890408,0.012711620438890408
bets_30d,days_since_first_pay,-0.012620890789451056,0.012620890789451056
stake_recent15,days_since_registration,0.012583881871373031,0.012583881871373031
max_gap_between_active_days_30d,days_since_registration,-0.012467974903884608,0.012467974903884608
active_days_14d,days_since_first_casino_activity,-0.012370404797662646,0.012370404797662646
active_days_recent15,days_since_first_casino_activity,-0.012261060889056617,0.012261060889056617
bets_early15,stake_change_pct_15d,-0.0121056156346406,0.0121056156346406
mean_gap_between_active_days_30d,days_since_first_pay,0.012043203695232615,0.012043203695232615
avg_stake_per_bet_30d,bets_change_pct_15d,-0.0120273908825563,0.0120273908825563
active_days_30d,stake_change_15d,-0.011935333484839787,0.011935333484839787
net_loss_30d,stake_change_pct_15d,-0.01182946630572016,0.01182946630572016
avg_stake_per_active_day_30d,stake_change_pct_15d,0.011790382557894117,0.011790382557894117
active_days_recent15,days_since_first_pay,-0.011772267753278748,0.011772267753278748
median_daily_stake_30d,days_since_first_pay,0.011567293863987546,0.011567293863987546
net_loss_7d,days_since_first_casino_activity,0.011538111322874599,0.011538111322874599
avg_bets_per_active_day_7d,stake_change_pct_15d,-0.011333442835977682,0.011333442835977682
mean_gap_between_active_days_30d,bets_change_15d,0.011029552427270654,0.011029552427270654
max_daily_stake_30d,days_since_registration,-0.010752104848768866,0.010752104848768866
avg_bets_per_active_day_30d,stake_change_15d,-0.01059660999866206,0.01059660999866206
median_daily_stake_30d,active_days_change_15d,0.010593722660448604,0.010593722660448604
stake_30d,bets_change_pct_15d,0.010575575697087211,0.010575575697087211
winnings_30d,bets_change_pct_15d,0.010529181532682919,0.010529181532682919
bets_7d,days_since_first_pay,0.010207831299360641,0.010207831299360641
winnings_30d,days_since_first_pay,0.009937732584193662,0.009937732584193662
stake_30d,days_since_first_pay,0.009734133430926498,0.009734133430926498
max_gap_between_active_days_30d,active_days_change_15d,0.00938100156073497,0.00938100156073497
active_days_14d,days_since_first_pay,-0.00918235339267506,0.00918235339267506
winnings_30d,stake_change_pct_15d,0.008985528830285796,0.008985528830285796
std_daily_stake_30d,days_since_registration,-0.008952137069597528,0.008952137069597528
avg_stake_per_active_day_30d,days_since_first_pay,0.008879869192099182,0.008879869192099182
avg_stake_per_bet_30d,stake_change_15d,-0.008613096286411256,0.008613096286411256
stake_early15,stake_change_pct_15d,-0.008508167650232068,0.008508167650232068
stake_30d,stake_change_pct_15d,0.008491179188879892,0.008491179188879892
stake_30d,bets_7d_share,-0.008455301339033671,0.008455301339033671
stake_change_pct_15d,days_since_registration,-0.008234145636928782,0.008234145636928782
avg_bets_per_active_day_30d,max_gap_between_active_days_30d,-0.008222489632320761,0.008222489632320761
max_gap_between_active_days_30d,avg_stake_per_bet_30d,0.00806896843355209,0.00806896843355209
stake_30d,active_days_7d_share,-0.008066487003877267,0.008066487003877267
median_daily_stake_30d,days_since_registration,0.007787957888681689,0.007787957888681689
avg_bets_per_active_day_30d,stake_change_pct_15d,-0.007577640396409925,0.007577640396409925
winnings_30d,bets_7d_share,-0.007514700714943838,0.007514700714943838
max_gap_between_active_days_30d,stake_7d,0.007449535243016888,0.007449535243016888
stake_30d,stake_7d_share,-0.007404114355758204,0.007404114355758204
max_gap_between_active_days_30d,days_since_first_pay,0.007386387169713375,0.007386387169713375
avg_bets_per_active_day_7d,days_since_first_casino_activity,0.007281219112822752,0.007281219112822752
winnings_30d,active_days_7d_share,-0.007217471346757813,0.007217471346757813
bets_14d,days_since_registration,0.007094160833322807,0.007094160833322807
max_gap_between_active_days_30d,winnings_7d,0.006836698469732201,0.006836698469732201
max_gap_between_active_days_30d,bets_change_15d,0.006792616474508281,0.006792616474508281
active_days_recent15,days_since_registration,-0.006657746558839637,0.006657746558839637
bets_30d,active_days_change_15d,-0.006650045492347995,0.006650045492347995
avg_stake_per_active_day_30d,days_since_registration,-0.006599887832516564,0.006599887832516564
avg_bets_per_active_day_7d,active_days_7d_share,0.006576078618445974,0.006576078618445974
winnings_30d,stake_7d_share,-0.006275339401080299,0.006275339401080299
net_loss_7d,days_since_first_pay,0.006097755419220685,0.006097755419220685
bets_30d,stake_change_pct_15d,-0.00580456099985014,0.00580456099985014
active_days_30d,stake_change_pct_15d,0.0057453805516071935,0.0057453805516071935
net_loss_30d,bets_change_pct_15d,0.0056580591907293915,0.0056580591907293915
stake_change_pct_15d,days_since_first_pay,-0.005421454959486467,0.005421454959486467
stake_change_15d,days_since_first_casino_activity,0.005309429943483447,0.005309429943483447
avg_stake_per_bet_30d,bets_change_15d,0.0050668363490305865,0.0050668363490305865
stake_early15,days_since_first_pay,-0.0049412420543931595,0.0049412420543931595
std_daily_stake_30d,days_since_first_pay,0.004940791929528796,0.004940791929528796
median_daily_stake_30d,bets_change_pct_15d,-0.0047607889065045305,0.0047607889065045305
median_daily_stake_30d,stake_7d_share,-0.004468379849200611,0.004468379849200611
avg_bets_per_active_day_7d,days_since_first_pay,0.00445569211493697,0.00445569211493697
bets_30d,bets_change_15d,-0.004446584649189739,0.004446584649189739
avg_bets_per_active_day_30d,days_since_first_casino_activity,-0.004434829687044279,0.004434829687044279
bets_7d,stake_change_pct_15d,0.004049708057961656,0.004049708057961656
stake_30d,days_since_registration,-0.004046199100828067,0.004046199100828067
winnings_30d,days_since_registration,-0.0036036289033593368,0.0036036289033593368
bets_recent15,days_since_registration,0.003599702864496888,0.003599702864496888
bets_14d,stake_change_pct_15d,0.0035713453809382264,0.0035713453809382264
median_daily_stake_30d,bets_7d_share,-0.003482230130357001,0.003482230130357001
max_gap_between_active_days_30d,net_loss_30d,-0.00344388893694769,0.00344388893694769
median_daily_stake_30d,active_days_7d_share,-0.0033401816532459437,0.0033401816532459437
bets_14d,days_since_first_pay,0.0032664029428195445,0.0032664029428195445
bets_recent15,stake_change_pct_15d,0.003024286203363395,0.003024286203363395
std_daily_stake_30d,active_days_7d_share,-0.002932332068020534,0.002932332068020534
bets_7d,days_since_first_casino_activity,0.002751131578158727,0.002751131578158727
bets_7d,max_gap_between_active_days_30d,0.002612417309863826,0.002612417309863826
active_days_14d,days_since_registration,-0.0025771209242846332,0.0025771209242846332
mean_gap_between_active_days_30d,days_since_registration,-0.002525710465036205,0.002525710465036205
avg_bets_per_active_day_30d,bets_change_15d,-0.0023719873207982715,0.0023719873207982715
avg_stake_per_bet_30d,days_since_registration,0.0023220554650943224,0.0023220554650943224
winnings_30d,bets_change_15d,0.0022588681699768198,0.0022588681699768198
net_loss_30d,days_since_first_pay,-0.0022162256165347877,0.0022162256165347877
max_daily_stake_30d,days_since_first_pay,0.0021572932135790566,0.0021572932135790566
median_daily_stake_30d,stake_change_pct_15d,-0.001971174359927856,0.001971174359927856
std_daily_stake_30d,bets_7d_share,-0.0018019702020015118,0.0018019702020015118
bets_30d,bets_7d_share,-0.0017912775403086181,0.0017912775403086181
bets_early15,days_since_first_casino_activity,0.001676093494729829,0.001676093494729829
bets_change_15d,days_since_first_casino_activity,-0.0016402277156117152,0.0016402277156117152
max_daily_stake_30d,active_days_7d_share,-0.0014274015014847981,0.0014274015014847981
avg_bets_per_active_day_7d,days_since_registration,0.0012840010161285465,0.0012840010161285465
bets_30d,active_days_7d_share,0.0012187110234055131,0.0012187110234055131
bets_14d,days_since_first_casino_activity,0.0010275397605503432,0.0010275397605503432
avg_stake_per_bet_30d,active_days_change_15d,-0.0009855853651603937,0.0009855853651603937
bets_30d,days_since_first_casino_activity,0.0009453041645794007,0.0009453041645794007
max_daily_stake_30d,stake_7d_share,0.0009407913862855905,0.0009407913862855905
std_daily_stake_30d,stake_7d_share,-0.0008928479150659207,0.0008928479150659207
bets_30d,stake_7d_share,0.0007941835906978733,0.0007941835906978733
active_days_7d,days_since_first_casino_activity,-0.0007642955530597756,0.0007642955530597756
stake_change_pct_15d,days_since_first_casino_activity,0.0007330836176247613,0.0007330836176247613
net_loss_7d,days_since_registration,0.000696522103946818,0.000696522103946818
stake_30d,bets_change_15d,0.00045006692821548456,0.00045006692821548456
bets_recent15,days_since_first_pay,0.0003872848423430761,0.0003872848423430761
max_daily_stake_30d,bets_7d_share,0.000206141296722312,0.000206141296722312
bets_recent15,days_since_first_casino_activity,-8.613700722518577e-05,8.613700722518577e-05
active_days_30d,active_days_30d,,
bets_30d,active_days_30d,,
bets_30d,bets_30d,,
active_days_14d,active_days_30d,,
active_days_14d,bets_30d,,
active_days_14d,active_days_14d,,
bets_14d,active_days_30d,,
bets_14d,bets_30d,,
bets_14d,active_days_14d,,
bets_14d,bets_14d,,
active_days_7d,active_days_30d,,
active_days_7d,bets_30d,,
active_days_7d,active_days_14d,,
active_days_7d,bets_14d,,
active_days_7d,active_days_7d,,
bets_7d,active_days_30d,,
bets_7d,bets_30d,,
bets_7d,active_days_14d,,
bets_7d,bets_14d,,
bets_7d,active_days_7d,,
bets_7d,bets_7d,,
avg_bets_per_active_day_30d,active_days_30d,,
avg_bets_per_active_day_30d,bets_30d,,
avg_bets_per_active_day_30d,active_days_14d,,
avg_bets_per_active_day_30d,bets_14d,,
avg_bets_per_active_day_30d,active_days_7d,,
avg_bets_per_active_day_30d,bets_7d,,
avg_bets_per_active_day_30d,avg_bets_per_active_day_30d,,
avg_bets_per_active_day_7d,active_days_30d,,
avg_bets_per_active_day_7d,bets_30d,,
avg_bets_per_active_day_7d,active_days_14d,,
avg_bets_per_active_day_7d,bets_14d,,
avg_bets_per_active_day_7d,active_days_7d,,
avg_bets_per_active_day_7d,bets_7d,,
avg_bets_per_active_day_7d,avg_bets_per_active_day_30d,,
avg_bets_per_active_day_7d,avg_bets_per_active_day_7d,,
days_since_last_active_bet,active_days_30d,,
days_since_last_active_bet,bets_30d,,
days_since_last_active_bet,active_days_14d,,
days_since_last_active_bet,bets_14d,,
days_since_last_active_bet,active_days_7d,,
days_since_last_active_bet,bets_7d,,
days_since_last_active_bet,avg_bets_per_active_day_30d,,
days_since_last_active_bet,avg_bets_per_active_day_7d,,
days_since_last_active_bet,days_since_last_active_bet,,
max_gap_between_active_days_30d,active_days_30d,,
max_gap_between_active_days_30d,bets_30d,,
max_gap_between_active_days_30d,active_days_14d,,
max_gap_between_active_days_30d,bets_14d,,
max_gap_between_active_days_30d,active_days_7d,,
max_gap_between_active_days_30d,bets_7d,,
max_gap_between_active_days_30d,avg_bets_per_active_day_30d,,
max_gap_between_active_days_30d,avg_bets_per_active_day_7d,,
max_gap_between_active_days_30d,days_since_last_active_bet,,
max_gap_between_active_days_30d,max_gap_between_active_days_30d,,
mean_gap_between_active_days_30d,active_days_30d,,
mean_gap_between_active_days_30d,bets_30d,,
mean_gap_between_active_days_30d,active_days_14d,,
mean_gap_between_active_days_30d,bets_14d,,
mean_gap_between_active_days_30d,active_days_7d,,
mean_gap_between_active_days_30d,bets_7d,,
mean_gap_between_active_days_30d,avg_bets_per_active_day_30d,,
mean_gap_between_active_days_30d,avg_bets_per_active_day_7d,,
mean_gap_between_active_days_30d,days_since_last_active_bet,,
mean_gap_between_active_days_30d,max_gap_between_active_days_30d,,
mean_gap_between_active_days_30d,mean_gap_between_active_days_30d,,
stake_30d,active_days_30d,,
stake_30d,bets_30d,,
stake_30d,active_days_14d,,
stake_30d,bets_14d,,
stake_30d,active_days_7d,,
stake_30d,bets_7d,,
stake_30d,avg_bets_per_active_day_30d,,
stake_30d,avg_bets_per_active_day_7d,,
stake_30d,days_since_last_active_bet,,
stake_30d,max_gap_between_active_days_30d,,
stake_30d,mean_gap_between_active_days_30d,,
stake_30d,stake_30d,,
stake_14d,active_days_30d,,
stake_14d,bets_30d,,
stake_14d,active_days_14d,,
stake_14d,bets_14d,,
stake_14d,active_days_7d,,
stake_14d,bets_7d,,
stake_14d,avg_bets_per_active_day_30d,,
stake_14d,avg_bets_per_active_day_7d,,
stake_14d,days_since_last_active_bet,,
stake_14d,max_gap_between_active_days_30d,,
stake_14d,mean_gap_between_active_days_30d,,
stake_14d,stake_30d,,
stake_14d,stake_14d,,
stake_7d,active_days_30d,,
stake_7d,bets_30d,,
stake_7d,active_days_14d,,
stake_7d,bets_14d,,
stake_7d,active_days_7d,,
stake_7d,bets_7d,,
stake_7d,avg_bets_per_active_day_30d,,
stake_7d,avg_bets_per_active_day_7d,,
stake_7d,days_since_last_active_bet,,
stake_7d,max_gap_between_active_days_30d,,
stake_7d,mean_gap_between_active_days_30d,,
stake_7d,stake_30d,,
stake_7d,stake_14d,,
stake_7d,stake_7d,,
winnings_30d,active_days_30d,,
winnings_30d,bets_30d,,
winnings_30d,active_days_14d,,
winnings_30d,bets_14d,,
winnings_30d,active_days_7d,,
winnings_30d,bets_7d,,
winnings_30d,avg_bets_per_active_day_30d,,
winnings_30d,avg_bets_per_active_day_7d,,
winnings_30d,days_since_last_active_bet,,
winnings_30d,max_gap_between_active_days_30d,,
winnings_30d,mean_gap_between_active_days_30d,,
winnings_30d,stake_30d,,
winnings_30d,stake_14d,,
winnings_30d,stake_7d,,
winnings_30d,winnings_30d,,
winnings_14d,active_days_30d,,
winnings_14d,bets_30d,,
winnings_14d,active_days_14d,,
winnings_14d,bets_14d,,
winnings_14d,active_days_7d,,
winnings_14d,bets_7d,,
winnings_14d,avg_bets_per_active_day_30d,,
winnings_14d,avg_bets_per_active_day_7d,,
winnings_14d,days_since_last_active_bet,,
winnings_14d,max_gap_between_active_days_30d,,
winnings_14d,mean_gap_between_active_days_30d,,
winnings_14d,stake_30d,,
winnings_14d,stake_14d,,
winnings_14d,stake_7d,,
winnings_14d,winnings_30d,,
winnings_14d,winnings_14d,,
winnings_7d,active_days_30d,,
winnings_7d,bets_30d,,
winnings_7d,active_days_14d,,
winnings_7d,bets_14d,,
winnings_7d,active_days_7d,,
winnings_7d,bets_7d,,
winnings_7d,avg_bets_per_active_day_30d,,
winnings_7d,avg_bets_per_active_day_7d,,
winnings_7d,days_since_last_active_bet,,
winnings_7d,max_gap_between_active_days_30d,,
winnings_7d,mean_gap_between_active_days_30d,,
winnings_7d,stake_30d,,
winnings_7d,stake_14d,,
winnings_7d,stake_7d,,
winnings_7d,winnings_30d,,
winnings_7d,winnings_14d,,
winnings_7d,winnings_7d,,
net_loss_30d,active_days_30d,,
net_loss_30d,bets_30d,,
net_loss_30d,active_days_14d,,
net_loss_30d,bets_14d,,
net_loss_30d,active_days_7d,,
net_loss_30d,bets_7d,,
net_loss_30d,avg_bets_per_active_day_30d,,
net_loss_30d,avg_bets_per_active_day_7d,,
net_loss_30d,days_since_last_active_bet,,
net_loss_30d,max_gap_between_active_days_30d,,
net_loss_30d,mean_gap_between_active_days_30d,,
net_loss_30d,stake_30d,,
net_loss_30d,stake_14d,,
net_loss_30d,stake_7d,,
net_loss_30d,winnings_30d,,
net_loss_30d,winnings_14d,,
net_loss_30d,winnings_7d,,
net_loss_30d,net_loss_30d,,
net_loss_7d,active_days_30d,,
net_loss_7d,bets_30d,,
net_loss_7d,active_days_14d,,
net_loss_7d,bets_14d,,
net_loss_7d,active_days_7d,,
net_loss_7d,bets_7d,,
net_loss_7d,avg_bets_per_active_day_30d,,
net_loss_7d,avg_bets_per_active_day_7d,,
net_loss_7d,days_since_last_active_bet,,
net_loss_7d,max_gap_between_active_days_30d,,
net_loss_7d,mean_gap_between_active_days_30d,,
net_loss_7d,stake_30d,,
net_loss_7d,stake_14d,,
net_loss_7d,stake_7d,,
net_loss_7d,winnings_30d,,
net_loss_7d,winnings_14d,,
net_loss_7d,winnings_7d,,
net_loss_7d,net_loss_30d,,
net_loss_7d,net_loss_7d,,
avg_stake_per_bet_30d,active_days_30d,,
avg_stake_per_bet_30d,bets_30d,,
avg_stake_per_bet_30d,active_days_14d,,
avg_stake_per_bet_30d,bets_14d,,
avg_stake_per_bet_30d,active_days_7d,,
avg_stake_per_bet_30d,bets_7d,,
avg_stake_per_bet_30d,avg_bets_per_active_day_30d,,
avg_stake_per_bet_30d,avg_bets_per_active_day_7d,,
avg_stake_per_bet_30d,days_since_last_active_bet,,
avg_stake_per_bet_30d,max_gap_between_active_days_30d,,
avg_stake_per_bet_30d,mean_gap_between_active_days_30d,,
avg_stake_per_bet_30d,stake_30d,,
avg_stake_per_bet_30d,stake_14d,,
avg_stake_per_bet_30d,stake_7d,,
avg_stake_per_bet_30d,winnings_30d,,
avg_stake_per_bet_30d,winnings_14d,,
avg_stake_per_bet_30d,winnings_7d,,
avg_stake_per_bet_30d,net_loss_30d,,
avg_stake_per_bet_30d,net_loss_7d,,
avg_stake_per_bet_30d,avg_stake_per_bet_30d,,
avg_stake_per_active_day_30d,active_days_30d,,
avg_stake_per_active_day_30d,bets_30d,,
avg_stake_per_active_day_30d,active_days_14d,,
avg_stake_per_active_day_30d,bets_14d,,
avg_stake_per_active_day_30d,active_days_7d,,
avg_stake_per_active_day_30d,bets_7d,,
avg_stake_per_active_day_30d,avg_bets_per_active_day_30d,,
avg_stake_per_active_day_30d,avg_bets_per_active_day_7d,,
avg_stake_per_active_day_30d,days_since_last_active_bet,,
avg_stake_per_active_day_30d,max_gap_between_active_days_30d,,
avg_stake_per_active_day_30d,mean_gap_between_active_days_30d,,
avg_stake_per_active_day_30d,stake_30d,,
avg_stake_per_active_day_30d,stake_14d,,
avg_stake_per_active_day_30d,stake_7d,,
avg_stake_per_active_day_30d,winnings_30d,,
avg_stake_per_active_day_30d,winnings_14d,,
avg_stake_per_active_day_30d,winnings_7d,,
avg_stake_per_active_day_30d,net_loss_30d,,
avg_stake_per_active_day_30d,net_loss_7d,,
avg_stake_per_active_day_30d,avg_stake_per_bet_30d,,
avg_stake_per_active_day_30d,avg_stake_per_active_day_30d,,
max_daily_stake_30d,active_days_30d,,
max_daily_stake_30d,bets_30d,,
max_daily_stake_30d,active_days_14d,,
max_daily_stake_30d,bets_14d,,
max_daily_stake_30d,active_days_7d,,
max_daily_stake_30d,bets_7d,,
max_daily_stake_30d,avg_bets_per_active_day_30d,,
max_daily_stake_30d,avg_bets_per_active_day_7d,,
max_daily_stake_30d,days_since_last_active_bet,,
max_daily_stake_30d,max_gap_between_active_days_30d,,
max_daily_stake_30d,mean_gap_between_active_days_30d,,
max_daily_stake_30d,stake_30d,,
max_daily_stake_30d,stake_14d,,
max_daily_stake_30d,stake_7d,,
max_daily_stake_30d,winnings_30d,,
max_daily_stake_30d,winnings_14d,,
max_daily_stake_30d,winnings_7d,,
max_daily_stake_30d,net_loss_30d,,
max_daily_stake_30d,net_loss_7d,,
max_daily_stake_30d,avg_stake_per_bet_30d,,
max_daily_stake_30d,avg_stake_per_active_day_30d,,
max_daily_stake_30d,max_daily_stake_30d,,
median_daily_stake_30d,active_days_30d,,
median_daily_stake_30d,bets_30d,,
median_daily_stake_30d,active_days_14d,,
median_daily_stake_30d,bets_14d,,
median_daily_stake_30d,active_days_7d,,
median_daily_stake_30d,bets_7d,,
median_daily_stake_30d,avg_bets_per_active_day_30d,,
median_daily_stake_30d,avg_bets_per_active_day_7d,,
median_daily_stake_30d,days_since_last_active_bet,,
median_daily_stake_30d,max_gap_between_active_days_30d,,
median_daily_stake_30d,mean_gap_between_active_days_30d,,
median_daily_stake_30d,stake_30d,,
median_daily_stake_30d,stake_14d,,
median_daily_stake_30d,stake_7d,,
median_daily_stake_30d,winnings_30d,,
median_daily_stake_30d,winnings_14d,,
median_daily_stake_30d,winnings_7d,,
median_daily_stake_30d,net_loss_30d,,
median_daily_stake_30d,net_loss_7d,,
median_daily_stake_30d,avg_stake_per_bet_30d,,
median_daily_stake_30d,avg_stake_per_active_day_30d,,
median_daily_stake_30d,max_daily_stake_30d,,
median_daily_stake_30d,median_daily_stake_30d,,
std_daily_stake_30d,active_days_30d,,
std_daily_stake_30d,bets_30d,,
std_daily_stake_30d,active_days_14d,,
std_daily_stake_30d,bets_14d,,
std_daily_stake_30d,active_days_7d,,
std_daily_stake_30d,bets_7d,,
std_daily_stake_30d,avg_bets_per_active_day_30d,,
std_daily_stake_30d,avg_bets_per_active_day_7d,,
std_daily_stake_30d,days_since_last_active_bet,,
std_daily_stake_30d,max_gap_between_active_days_30d,,
std_daily_stake_30d,mean_gap_between_active_days_30d,,
std_daily_stake_30d,stake_30d,,
std_daily_stake_30d,stake_14d,,
std_daily_stake_30d,stake_7d,,
std_daily_stake_30d,winnings_30d,,
std_daily_stake_30d,winnings_14d,,
std_daily_stake_30d,winnings_7d,,
std_daily_stake_30d,net_loss_30d,,
std_daily_stake_30d,net_loss_7d,,
std_daily_stake_30d,avg_stake_per_bet_30d,,
std_daily_stake_30d,avg_stake_per_active_day_30d,,
std_daily_stake_30d,max_daily_stake_30d,,
std_daily_stake_30d,median_daily_stake_30d,,
std_daily_stake_30d,std_daily_stake_30d,,
active_days_7d_share,active_days_30d,,
active_days_7d_share,bets_30d,,
active_days_7d_share,active_days_14d,,
active_days_7d_share,bets_14d,,
active_days_7d_share,active_days_7d,,
active_days_7d_share,bets_7d,,
active_days_7d_share,avg_bets_per_active_day_30d,,
active_days_7d_share,avg_bets_per_active_day_7d,,
active_days_7d_share,days_since_last_active_bet,,
active_days_7d_share,max_gap_between_active_days_30d,,
active_days_7d_share,mean_gap_between_active_days_30d,,
active_days_7d_share,stake_30d,,
active_days_7d_share,stake_14d,,
active_days_7d_share,stake_7d,,
active_days_7d_share,winnings_30d,,
active_days_7d_share,winnings_14d,,
active_days_7d_share,winnings_7d,,
active_days_7d_share,net_loss_30d,,
active_days_7d_share,net_loss_7d,,
active_days_7d_share,avg_stake_per_bet_30d,,
active_days_7d_share,avg_stake_per_active_day_30d,,
active_days_7d_share,max_daily_stake_30d,,
active_days_7d_share,median_daily_stake_30d,,
active_days_7d_share,std_daily_stake_30d,,
active_days_7d_share,active_days_7d_share,,
bets_7d_share,active_days_30d,,
bets_7d_share,bets_30d,,
bets_7d_share,active_days_14d,,
bets_7d_share,bets_14d,,
bets_7d_share,active_days_7d,,
bets_7d_share,bets_7d,,
bets_7d_share,avg_bets_per_active_day_30d,,
bets_7d_share,avg_bets_per_active_day_7d,,
bets_7d_share,days_since_last_active_bet,,
bets_7d_share,max_gap_between_active_days_30d,,
bets_7d_share,mean_gap_between_active_days_30d,,
bets_7d_share,stake_30d,,
bets_7d_share,stake_14d,,
bets_7d_share,stake_7d,,
bets_7d_share,winnings_30d,,
bets_7d_share,winnings_14d,,
bets_7d_share,winnings_7d,,
bets_7d_share,net_loss_30d,,
bets_7d_share,net_loss_7d,,
bets_7d_share,avg_stake_per_bet_30d,,
bets_7d_share,avg_stake_per_active_day_30d,,
bets_7d_share,max_daily_stake_30d,,
bets_7d_share,median_daily_stake_30d,,
bets_7d_share,std_daily_stake_30d,,
bets_7d_share,active_days_7d_share,,
bets_7d_share,bets_7d_share,,
stake_7d_share,active_days_30d,,
stake_7d_share,bets_30d,,
stake_7d_share,active_days_14d,,
stake_7d_share,bets_14d,,
stake_7d_share,active_days_7d,,
stake_7d_share,bets_7d,,
stake_7d_share,avg_bets_per_active_day_30d,,
stake_7d_share,avg_bets_per_active_day_7d,,
stake_7d_share,days_since_last_active_bet,,
stake_7d_share,max_gap_between_active_days_30d,,
stake_7d_share,mean_gap_between_active_days_30d,,
stake_7d_share,stake_30d,,
stake_7d_share,stake_14d,,
stake_7d_share,stake_7d,,
stake_7d_share,winnings_30d,,
stake_7d_share,winnings_14d,,
stake_7d_share,winnings_7d,,
stake_7d_share,net_loss_30d,,
stake_7d_share,net_loss_7d,,
stake_7d_share,avg_stake_per_bet_30d,,
stake_7d_share,avg_stake_per_active_day_30d,,
stake_7d_share,max_daily_stake_30d,,
stake_7d_share,median_daily_stake_30d,,
stake_7d_share,std_daily_stake_30d,,
stake_7d_share,active_days_7d_share,,
stake_7d_share,bets_7d_share,,
stake_7d_share,stake_7d_share,,
bets_recent15,active_days_30d,,
bets_recent15,bets_30d,,
bets_recent15,active_days_14d,,
bets_recent15,bets_14d,,
bets_recent15,active_days_7d,,
bets_recent15,bets_7d,,
bets_recent15,avg_bets_per_active_day_30d,,
bets_recent15,avg_bets_per_active_day_7d,,
bets_recent15,days_since_last_active_bet,,
bets_recent15,max_gap_between_active_days_30d,,
bets_recent15,mean_gap_between_active_days_30d,,
bets_recent15,stake_30d,,
bets_recent15,stake_14d,,
bets_recent15,stake_7d,,
bets_recent15,winnings_30d,,
bets_recent15,winnings_14d,,
bets_recent15,winnings_7d,,
bets_recent15,net_loss_30d,,
bets_recent15,net_loss_7d,,
bets_recent15,avg_stake_per_bet_30d,,
bets_recent15,avg_stake_per_active_day_30d,,
bets_recent15,max_daily_stake_30d,,
bets_recent15,median_daily_stake_30d,,
bets_recent15,std_daily_stake_30d,,
bets_recent15,active_days_7d_share,,
bets_recent15,bets_7d_share,,
bets_recent15,stake_7d_share,,
bets_recent15,bets_recent15,,
bets_early15,active_days_30d,,
bets_early15,bets_30d,,
bets_early15,active_days_14d,,
bets_early15,bets_14d,,
bets_early15,active_days_7d,,
bets_early15,bets_7d,,
bets_early15,avg_bets_per_active_day_30d,,
bets_early15,avg_bets_per_active_day_7d,,
bets_early15,days_since_last_active_bet,,
bets_early15,max_gap_between_active_days_30d,,
bets_early15,mean_gap_between_active_days_30d,,
bets_early15,stake_30d,,
bets_early15,stake_14d,,
bets_early15,stake_7d,,
bets_early15,winnings_30d,,
bets_early15,winnings_14d,,
bets_early15,winnings_7d,,
bets_early15,net_loss_30d,,
bets_early15,net_loss_7d,,
bets_early15,avg_stake_per_bet_30d,,
bets_early15,avg_stake_per_active_day_30d,,
bets_early15,max_daily_stake_30d,,
bets_early15,median_daily_stake_30d,,
bets_early15,std_daily_stake_30d,,
bets_early15,active_days_7d_share,,
bets_early15,bets_7d_share,,
bets_early15,stake_7d_share,,
bets_early15,bets_recent15,,
bets_early15,bets_early15,,
bets_change_15d,active_days_30d,,
bets_change_15d,bets_30d,,
bets_change_15d,active_days_14d,,
bets_change_15d,bets_14d,,
bets_change_15d,active_days_7d,,
bets_change_15d,bets_7d,,
bets_change_15d,avg_bets_per_active_day_30d,,
bets_change_15d,avg_bets_per_active_day_7d,,
bets_change_15d,days_since_last_active_bet,,
bets_change_15d,max_gap_between_active_days_30d,,
bets_change_15d,mean_gap_between_active_days_30d,,
bets_change_15d,stake_30d,,
bets_change_15d,stake_14d,,
bets_change_15d,stake_7d,,
bets_change_15d,winnings_30d,,
bets_change_15d,winnings_14d,,
bets_change_15d,winnings_7d,,
bets_change_15d,net_loss_30d,,
bets_change_15d,net_loss_7d,,
bets_change_15d,avg_stake_per_bet_30d,,
bets_change_15d,avg_stake_per_active_day_30d,,
bets_change_15d,max_daily_stake_30d,,
bets_change_15d,median_daily_stake_30d,,
bets_change_15d,std_daily_stake_30d,,
bets_change_15d,active_days_7d_share,,
bets_change_15d,bets_7d_share,,
bets_change_15d,stake_7d_share,,
bets_change_15d,bets_recent15,,
bets_change_15d,bets_early15,,
bets_change_15d,bets_change_15d,,
bets_change_pct_15d,active_days_30d,,
bets_change_pct_15d,bets_30d,,
bets_change_pct_15d,active_days_14d,,
bets_change_pct_15d,bets_14d,,
bets_change_pct_15d,active_days_7d,,
bets_change_pct_15d,bets_7d,,
bets_change_pct_15d,avg_bets_per_active_day_30d,,
bets_change_pct_15d,avg_bets_per_active_day_7d,,
bets_change_pct_15d,days_since_last_active_bet,,
bets_change_pct_15d,max_gap_between_active_days_30d,,
bets_change_pct_15d,mean_gap_between_active_days_30d,,
bets_change_pct_15d,stake_30d,,
bets_change_pct_15d,stake_14d,,
bets_change_pct_15d,stake_7d,,
bets_change_pct_15d,winnings_30d,,
bets_change_pct_15d,winnings_14d,,
bets_change_pct_15d,winnings_7d,,
bets_change_pct_15d,net_loss_30d,,
bets_change_pct_15d,net_loss_7d,,
bets_change_pct_15d,avg_stake_per_bet_30d,,
bets_change_pct_15d,avg_stake_per_active_day_30d,,
bets_change_pct_15d,max_daily_stake_30d,,
bets_change_pct_15d,median_daily_stake_30d,,
bets_change_pct_15d,std_daily_stake_30d,,
bets_change_pct_15d,active_days_7d_share,,
bets_change_pct_15d,bets_7d_share,,
bets_change_pct_15d,stake_7d_share,,
bets_change_pct_15d,bets_recent15,,
bets_change_pct_15d,bets_early15,,
bets_change_pct_15d,bets_change_15d,,
bets_change_pct_15d,bets_change_pct_15d,,
stake_recent15,active_days_30d,,
stake_recent15,bets_30d,,
stake_recent15,active_days_14d,,
stake_recent15,bets_14d,,
stake_recent15,active_days_7d,,
stake_recent15,bets_7d,,
stake_recent15,avg_bets_per_active_day_30d,,
stake_recent15,avg_bets_per_active_day_7d,,
stake_recent15,days_since_last_active_bet,,
stake_recent15,max_gap_between_active_days_30d,,
stake_recent15,mean_gap_between_active_days_30d,,
stake_recent15,stake_30d,,
stake_recent15,stake_14d,,
stake_recent15,stake_7d,,
stake_recent15,winnings_30d,,
stake_recent15,winnings_14d,,
stake_recent15,winnings_7d,,
stake_recent15,net_loss_30d,,
stake_recent15,net_loss_7d,,
stake_recent15,avg_stake_per_bet_30d,,
stake_recent15,avg_stake_per_active_day_30d,,
stake_recent15,max_daily_stake_30d,,
stake_recent15,median_daily_stake_30d,,
stake_recent15,std_daily_stake_30d,,
stake_recent15,active_days_7d_share,,
stake_recent15,bets_7d_share,,
stake_recent15,stake_7d_share,,
stake_recent15,bets_recent15,,
stake_recent15,bets_early15,,
stake_recent15,bets_change_15d,,
stake_recent15,bets_change_pct_15d,,
stake_recent15,stake_recent15,,
stake_early15,active_days_30d,,
stake_early15,bets_30d,,
stake_early15,active_days_14d,,
stake_early15,bets_14d,,
stake_early15,active_days_7d,,
stake_early15,bets_7d,,
stake_early15,avg_bets_per_active_day_30d,,
stake_early15,avg_bets_per_active_day_7d,,
stake_early15,days_since_last_active_bet,,
stake_early15,max_gap_between_active_days_30d,,
stake_early15,mean_gap_between_active_days_30d,,
stake_early15,stake_30d,,
stake_early15,stake_14d,,
stake_early15,stake_7d,,
stake_early15,winnings_30d,,
stake_early15,winnings_14d,,
stake_early15,winnings_7d,,
stake_early15,net_loss_30d,,
stake_early15,net_loss_7d,,
stake_early15,avg_stake_per_bet_30d,,
stake_early15,avg_stake_per_active_day_30d,,
stake_early15,max_daily_stake_30d,,
stake_early15,median_daily_stake_30d,,
stake_early15,std_daily_stake_30d,,
stake_early15,active_days_7d_share,,
stake_early15,bets_7d_share,,
stake_early15,stake_7d_share,,
stake_early15,bets_recent15,,
stake_early15,bets_early15,,
stake_early15,bets_change_15d,,
stake_early15,bets_change_pct_15d,,
stake_early15,stake_recent15,,
stake_early15,stake_early15,,
stake_change_15d,active_days_30d,,
stake_change_15d,bets_30d,,
stake_change_15d,active_days_14d,,
stake_change_15d,bets_14d,,
stake_change_15d,active_days_7d,,
stake_change_15d,bets_7d,,
stake_change_15d,avg_bets_per_active_day_30d,,
stake_change_15d,avg_bets_per_active_day_7d,,
stake_change_15d,days_since_last_active_bet,,
stake_change_15d,max_gap_between_active_days_30d,,
stake_change_15d,mean_gap_between_active_days_30d,,
stake_change_15d,stake_30d,,
stake_change_15d,stake_14d,,
stake_change_15d,stake_7d,,
stake_change_15d,winnings_30d,,
stake_change_15d,winnings_14d,,
stake_change_15d,winnings_7d,,
stake_change_15d,net_loss_30d,,
stake_change_15d,net_loss_7d,,
stake_change_15d,avg_stake_per_bet_30d,,
stake_change_15d,avg_stake_per_active_day_30d,,
stake_change_15d,max_daily_stake_30d,,
stake_change_15d,median_daily_stake_30d,,
stake_change_15d,std_daily_stake_30d,,
stake_change_15d,active_days_7d_share,,
stake_change_15d,bets_7d_share,,
stake_change_15d,stake_7d_share,,
stake_change_15d,bets_recent15,,
stake_change_15d,bets_early15,,
stake_change_15d,bets_change_15d,,
stake_change_15d,bets_change_pct_15d,,
stake_change_15d,stake_recent15,,
stake_change_15d,stake_early15,,
stake_change_15d,stake_change_15d,,
stake_change_pct_15d,active_days_30d,,
stake_change_pct_15d,bets_30d,,
stake_change_pct_15d,active_days_14d,,
stake_change_pct_15d,bets_14d,,
stake_change_pct_15d,active_days_7d,,
stake_change_pct_15d,bets_7d,,
stake_change_pct_15d,avg_bets_per_active_day_30d,,
stake_change_pct_15d,avg_bets_per_active_day_7d,,
stake_change_pct_15d,days_since_last_active_bet,,
stake_change_pct_15d,max_gap_between_active_days_30d,,
stake_change_pct_15d,mean_gap_between_active_days_30d,,
stake_change_pct_15d,stake_30d,,
stake_change_pct_15d,stake_14d,,
stake_change_pct_15d,stake_7d,,
stake_change_pct_15d,winnings_30d,,
stake_change_pct_15d,winnings_14d,,
stake_change_pct_15d,winnings_7d,,
stake_change_pct_15d,net_loss_30d,,
stake_change_pct_15d,net_loss_7d,,
stake_change_pct_15d,avg_stake_per_bet_30d,,
stake_change_pct_15d,avg_stake_per_active_day_30d,,
stake_change_pct_15d,max_daily_stake_30d,,
stake_change_pct_15d,median_daily_stake_30d,,
stake_change_pct_15d,std_daily_stake_30d,,
stake_change_pct_15d,active_days_7d_share,,
stake_change_pct_15d,bets_7d_share,,
stake_change_pct_15d,stake_7d_share,,
stake_change_pct_15d,bets_recent15,,
stake_change_pct_15d,bets_early15,,
stake_change_pct_15d,bets_change_15d,,
stake_change_pct_15d,bets_change_pct_15d,,
stake_change_pct_15d,stake_recent15,,
stake_change_pct_15d,stake_early15,,
stake_change_pct_15d,stake_change_15d,,
stake_change_pct_15d,stake_change_pct_15d,,
active_days_recent15,active_days_30d,,
active_days_recent15,bets_30d,,
active_days_recent15,active_days_14d,,
active_days_recent15,bets_14d,,
active_days_recent15,active_days_7d,,
active_days_recent15,bets_7d,,
active_days_recent15,avg_bets_per_active_day_30d,,
active_days_recent15,avg_bets_per_active_day_7d,,
active_days_recent15,days_since_last_active_bet,,
active_days_recent15,max_gap_between_active_days_30d,,
active_days_recent15,mean_gap_between_active_days_30d,,
active_days_recent15,stake_30d,,
active_days_recent15,stake_14d,,
active_days_recent15,stake_7d,,
active_days_recent15,winnings_30d,,
active_days_recent15,winnings_14d,,
active_days_recent15,winnings_7d,,
active_days_recent15,net_loss_30d,,
active_days_recent15,net_loss_7d,,
active_days_recent15,avg_stake_per_bet_30d,,
active_days_recent15,avg_stake_per_active_day_30d,,
active_days_recent15,max_daily_stake_30d,,
active_days_recent15,median_daily_stake_30d,,
active_days_recent15,std_daily_stake_30d,,
active_days_recent15,active_days_7d_share,,
active_days_recent15,bets_7d_share,,
active_days_recent15,stake_7d_share,,
active_days_recent15,bets_recent15,,
active_days_recent15,bets_early15,,
active_days_recent15,bets_change_15d,,
active_days_recent15,bets_change_pct_15d,,
active_days_recent15,stake_recent15,,
active_days_recent15,stake_early15,,
active_days_recent15,stake_change_15d,,
active_days_recent15,stake_change_pct_15d,,
active_days_recent15,active_days_recent15,,
active_days_early15,active_days_30d,,
active_days_early15,bets_30d,,
active_days_early15,active_days_14d,,
active_days_early15,bets_14d,,
active_days_early15,active_days_7d,,
active_days_early15,bets_7d,,
active_days_early15,avg_bets_per_active_day_30d,,
active_days_early15,avg_bets_per_active_day_7d,,
active_days_early15,days_since_last_active_bet,,
active_days_early15,max_gap_between_active_days_30d,,
active_days_early15,mean_gap_between_active_days_30d,,
active_days_early15,stake_30d,,
active_days_early15,stake_14d,,
active_days_early15,stake_7d,,
active_days_early15,winnings_30d,,
active_days_early15,winnings_14d,,
active_days_early15,winnings_7d,,
active_days_early15,net_loss_30d,,
active_days_early15,net_loss_7d,,
active_days_early15,avg_stake_per_bet_30d,,
active_days_early15,avg_stake_per_active_day_30d,,
active_days_early15,max_daily_stake_30d,,
active_days_early15,median_daily_stake_30d,,
active_days_early15,std_daily_stake_30d,,
active_days_early15,active_days_7d_share,,
active_days_early15,bets_7d_share,,
active_days_early15,stake_7d_share,,
active_days_early15,bets_recent15,,
active_days_early15,bets_early15,,
active_days_early15,bets_change_15d,,
active_days_early15,bets_change_pct_15d,,
active_days_early15,stake_recent15,,
active_days_early15,stake_early15,,
active_days_early15,stake_change_15d,,
active_days_early15,stake_change_pct_15d,,
active_days_early15,active_days_recent15,,
active_days_early15,active_days_early15,,
active_days_change_15d,active_days_30d,,
active_days_change_15d,bets_30d,,
active_days_change_15d,active_days_14d,,
active_days_change_15d,bets_14d,,
active_days_change_15d,active_days_7d,,
active_days_change_15d,bets_7d,,
active_days_change_15d,avg_bets_per_active_day_30d,,
active_days_change_15d,avg_bets_per_active_day_7d,,
active_days_change_15d,days_since_last_active_bet,,
active_days_change_15d,max_gap_between_active_days_30d,,
active_days_change_15d,mean_gap_between_active_days_30d,,
active_days_change_15d,stake_30d,,
active_days_change_15d,stake_14d,,
active_days_change_15d,stake_7d,,
active_days_change_15d,winnings_30d,,
active_days_change_15d,winnings_14d,,
active_days_change_15d,winnings_7d,,
active_days_change_15d,net_loss_30d,,
active_days_change_15d,net_loss_7d,,
active_days_change_15d,avg_stake_per_bet_30d,,
active_days_change_15d,avg_stake_per_active_day_30d,,
active_days_change_15d,max_daily_stake_30d,,
active_days_change_15d,median_daily_stake_30d,,
active_days_change_15d,std_daily_stake_30d,,
active_days_change_15d,active_days_7d_share,,
active_days_change_15d,bets_7d_share,,
active_days_change_15d,stake_7d_share,,
active_days_change_15d,bets_recent15,,
active_days_change_15d,bets_early15,,
active_days_change_15d,bets_change_15d,,
active_days_change_15d,bets_change_pct_15d,,
active_days_change_15d,stake_recent15,,
active_days_change_15d,stake_early15,,
active_days_change_15d,stake_change_15d,,
active_days_change_15d,stake_change_pct_15d,,
active_days_change_15d,active_days_recent15,,
active_days_change_15d,active_days_early15,,
active_days_change_15d,active_days_change_15d,,
active_days_change_pct_15d,active_days_30d,,
active_days_change_pct_15d,bets_30d,,
active_days_change_pct_15d,active_days_14d,,
active_days_change_pct_15d,bets_14d,,
active_days_change_pct_15d,active_days_7d,,
active_days_change_pct_15d,bets_7d,,
active_days_change_pct_15d,avg_bets_per_active_day_30d,,
active_days_change_pct_15d,avg_bets_per_active_day_7d,,
active_days_change_pct_15d,days_since_last_active_bet,,
active_days_change_pct_15d,max_gap_between_active_days_30d,,
active_days_change_pct_15d,mean_gap_between_active_days_30d,,
active_days_change_pct_15d,stake_30d,,
active_days_change_pct_15d,stake_14d,,
active_days_change_pct_15d,stake_7d,,
active_days_change_pct_15d,winnings_30d,,
active_days_change_pct_15d,winnings_14d,,
active_days_change_pct_15d,winnings_7d,,
active_days_change_pct_15d,net_loss_30d,,
active_days_change_pct_15d,net_loss_7d,,
active_days_change_pct_15d,avg_stake_per_bet_30d,,
active_days_change_pct_15d,avg_stake_per_active_day_30d,,
active_days_change_pct_15d,max_daily_stake_30d,,
active_days_change_pct_15d,median_daily_stake_30d,,
active_days_change_pct_15d,std_daily_stake_30d,,
active_days_change_pct_15d,active_days_7d_share,,
active_days_change_pct_15d,bets_7d_share,,
active_days_change_pct_15d,stake_7d_share,,
active_days_change_pct_15d,bets_recent15,,
active_days_change_pct_15d,bets_early15,,
active_days_change_pct_15d,bets_change_15d,,
active_days_change_pct_15d,bets_change_pct_15d,,
active_days_change_pct_15d,stake_recent15,,
active_days_change_pct_15d,stake_early15,,
active_days_change_pct_15d,stake_change_15d,,
active_days_change_pct_15d,stake_change_pct_15d,,
active_days_change_pct_15d,active_days_recent15,,
active_days_change_pct_15d,active_days_early15,,
active_days_change_pct_15d,active_days_change_15d,,
active_days_change_pct_15d,active_days_change_pct_15d,,
days_since_registration,active_days_30d,,
days_since_registration,bets_30d,,
days_since_registration,active_days_14d,,
days_since_registration,bets_14d,,
days_since_registration,active_days_7d,,
days_since_registration,bets_7d,,
days_since_registration,avg_bets_per_active_day_30d,,
days_since_registration,avg_bets_per_active_day_7d,,
days_since_registration,days_since_last_active_bet,,
days_since_registration,max_gap_between_active_days_30d,,
days_since_registration,mean_gap_between_active_days_30d,,
days_since_registration,stake_30d,,
days_since_registration,stake_14d,,
days_since_registration,stake_7d,,
days_since_registration,winnings_30d,,
days_since_registration,winnings_14d,,
days_since_registration,winnings_7d,,
days_since_registration,net_loss_30d,,
days_since_registration,net_loss_7d,,
days_since_registration,avg_stake_per_bet_30d,,
days_since_registration,avg_stake_per_active_day_30d,,
days_since_registration,max_daily_stake_30d,,
days_since_registration,median_daily_stake_30d,,
days_since_registration,std_daily_stake_30d,,
days_since_registration,active_days_7d_share,,
days_since_registration,bets_7d_share,,
days_since_registration,stake_7d_share,,
days_since_registration,bets_recent15,,
days_since_registration,bets_early15,,
days_since_registration,bets_change_15d,,
days_since_registration,bets_change_pct_15d,,
days_since_registration,stake_recent15,,
days_since_registration,stake_early15,,
days_since_registration,stake_change_15d,,
days_since_registration,stake_change_pct_15d,,
days_since_registration,active_days_recent15,,
days_since_registration,active_days_early15,,
days_since_registration,active_days_change_15d,,
days_since_registration,active_days_change_pct_15d,,
days_since_registration,days_since_registration,,
days_since_first_pay,active_days_30d,,
days_since_first_pay,bets_30d,,
days_since_first_pay,active_days_14d,,
days_since_first_pay,bets_14d,,
days_since_first_pay,active_days_7d,,
days_since_first_pay,bets_7d,,
days_since_first_pay,avg_bets_per_active_day_30d,,
days_since_first_pay,avg_bets_per_active_day_7d,,
days_since_first_pay,days_since_last_active_bet,,
days_since_first_pay,max_gap_between_active_days_30d,,
days_since_first_pay,mean_gap_between_active_days_30d,,
days_since_first_pay,stake_30d,,
days_since_first_pay,stake_14d,,
days_since_first_pay,stake_7d,,
days_since_first_pay,winnings_30d,,
days_since_first_pay,winnings_14d,,
days_since_first_pay,winnings_7d,,
days_since_first_pay,net_loss_30d,,
days_since_first_pay,net_loss_7d,,
days_since_first_pay,avg_stake_per_bet_30d,,
days_since_first_pay,avg_stake_per_active_day_30d,,
days_since_first_pay,max_daily_stake_30d,,
days_since_first_pay,median_daily_stake_30d,,
days_since_first_pay,std_daily_stake_30d,,
days_since_first_pay,active_days_7d_share,,
days_since_first_pay,bets_7d_share,,
days_since_first_pay,stake_7d_share,,
days_since_first_pay,bets_recent15,,
days_since_first_pay,bets_early15,,
days_since_first_pay,bets_change_15d,,
days_since_first_pay,bets_change_pct_15d,,
days_since_first_pay,stake_recent15,,
days_since_first_pay,stake_early15,,
days_since_first_pay,stake_change_15d,,
days_since_first_pay,stake_change_pct_15d,,
days_since_first_pay,active_days_recent15,,
days_since_first_pay,active_days_early15,,
days_since_first_pay,active_days_change_15d,,
days_since_first_pay,active_days_change_pct_15d,,
days_since_first_pay,days_since_registration,,
days_since_first_pay,days_since_first_pay,,
days_since_first_casino_activity,active_days_30d,,
days_since_first_casino_activity,bets_30d,,
days_since_first_casino_activity,active_days_14d,,
days_since_first_casino_activity,bets_14d,,
days_since_first_casino_activity,active_days_7d,,
days_since_first_casino_activity,bets_7d,,
days_since_first_casino_activity,avg_bets_per_active_day_30d,,
days_since_first_casino_activity,avg_bets_per_active_day_7d,,
days_since_first_casino_activity,days_since_last_active_bet,,
days_since_first_casino_activity,max_gap_between_active_days_30d,,
days_since_first_casino_activity,mean_gap_between_active_days_30d,,
days_since_first_casino_activity,stake_30d,,
days_since_first_casino_activity,stake_14d,,
days_since_first_casino_activity,stake_7d,,
days_since_first_casino_activity,winnings_30d,,
days_since_first_casino_activity,winnings_14d,,
days_since_first_casino_activity,winnings_7d,,
days_since_first_casino_activity,net_loss_30d,,
days_since_first_casino_activity,net_loss_7d,,
days_since_first_casino_activity,avg_stake_per_bet_30d,,
days_since_first_casino_activity,avg_stake_per_active_day_30d,,
days_since_first_casino_activity,max_daily_stake_30d,,
days_since_first_casino_activity,median_daily_stake_30d,,
days_since_first_casino_activity,std_daily_stake_30d,,
days_since_first_casino_activity,active_days_7d_share,,
days_since_first_casino_activity,bets_7d_share,,
days_since_first_casino_activity,stake_7d_share,,
days_since_first_casino_activity,bets_recent15,,
days_since_first_casino_activity,bets_early15,,
days_since_first_casino_activity,bets_change_15d,,
days_since_first_casino_activity,bets_change_pct_15d,,
days_since_first_casino_activity,stake_recent15,,
days_since_first_casino_activity,stake_early15,,
days_since_first_casino_activity,stake_change_15d,,
days_since_first_casino_activity,stake_change_pct_15d,,
days_since_first_casino_activity,active_days_recent15,,
days_since_first_casino_activity,active_days_early15,,
days_since_first_casino_activity,active_days_change_15d,,
days_since_first_casino_activity,active_days_change_pct_15d,,
days_since_first_casino_activity,days_since_registration,,
days_since_first_casino_activity,days_since_first_pay,,
days_since_first_casino_activity,days_since_first_casino_activity,,
